Workbook
Name EXCEL: IF([1]呈现!$D$2>0,[1]辅助!$A$1,IF([1]呈现!$D$2<0,[1]辅助!$A$2,[1]辅助!$A$3))
Name PPT: IF([1]呈现!$D$3>0,[1]辅助!$A$1,IF([1]呈现!$D$3<0,[1]辅助!$A$2,[1]辅助!$A$3))

Sheet 目标数据
A1: 骏延集团2026年每月新媒体目标数据
A2: 序号 | B2: 门店名称 | C2: 2026年5月新媒体目标数据
C3: 投流目标 | F3: 直播场次 目标 | G3: 短视频发布数目标 | H3: 线索目标
C4: 直播投流 目标 | D4: 短视频投流目标 | E4: 总投流 目标 | H4: 直播线索 目标 | I4: 直播场均线索目标 | J4: 短视频 线索目标 | K4: 短视频均条线索目标 | L4: 本地线索 目标 | M4: 总线索 目标 | N4: 厂家下发 | O4: 总到店 目标 | P4: 总订单 目标
A5: 1 | B5: 花都广本 | F5: 120 | G5: 100 | H5: 1000 | I5: =H5/F5 -> 8.3333333 | J5: 200 | K5: =J5/G5 -> 2 | L5: 1000 | M5: =H5+J5+N5 -> 1200 | N5: 0 | O5: 50 | P5: 25
A6: 2 | B6: 花都建设北零跑 | F6: 80 | G6: 90 | H6: 600 | I6: =H6/F6 -> 7.5 | J6: 800 | K6: =J6/G6 -> 8.8888889 | L6: 1200 | M6: =H6+J6+N6 -> 1400 | N6: 0 | O6: 80 | P6: 20
A7: 3 | B7: 白云零跑 | F7: 80 | G7: 80 | H7: 450 | I7: =H7/F7 -> 5.625 | J7: 150 | K7: =J7/G7 -> 1.875 | L7: 600 | M7: =H7+J7+N7 -> 600 | N7: 0 | O7: 60 | P7: 15
A8: 4 | B8: 花都传祺 | F8: 70 | G8: 70 | H8: 200 | I8: =H8/F8 -> 2.8571429 | J8: 50 | K8: =J8/G8 -> 0.71428571 | L8: 100 | M8: =H8+J8+N8 -> 250 | N8: 0 | O8: 30 | P8: 6
A9: 5 | B9: 清远极氪 | F9: 90 | G9: 60 | H9: 400 | I9: =H9/F9 -> 4.4444444 | J9: 50 | K9: =J9/G9 -> 0.83333333 | L9: 200 | M9: =H9+J9+N9 -> 450 | N9: 0 | O9: 40 | P9: 5
A10: 6 | B10: 清远广本 | F10: 70 | G10: 70 | H10: 200 | I10: =H10/F10 -> 2.8571429 | J10: 50 | K10: =J10/G10 -> 0.71428571 | L10: 30 | M10: =H10+J10+N10 -> 350 | N10: 100 | O10: 30 | P10: 8
A11: 7 | B11: 鑫海广本 | F11: 80 | G11: 60 | H11: 350 | I11: =H11/F11 -> 4.375 | J11: 60 | K11: =J11/G11 -> 1 | L11: 200 | M11: =H11+J11+N11 -> 510 | N11: 100 | O11: 45 | P11: 15
A12: 8 | B12: 汕头广本 | F12: 50 | G12: 80 | H12: 300 | I12: =H12/F12 -> 6 | J12: 400 | K12: =J12/G12 -> 5 | L12: 600 | M12: =H12+J12+N12 -> 700 | N12: 0 | O12: 40 | P12: 20
A13: 9 | B13: 江门大众 | F13: 60 | G13: 60 | H13: 120 | I13: =H13/F13 -> 2 | J13: 300 | K13: =J13/G13 -> 5 | L13: 200 | M13: =H13+J13+N13 -> 540 | N13: 120 | O13: 20 | P13: 10
A14: 10 | B14: 河源零跑 | F14: 80 | G14: 90 | H14: 600 | I14: =H14/F14 -> 7.5 | J14: 800 | K14: =J14/G14 -> 8.8888889 | L14: 1200 | M14: =H14+J14+N14 -> 1400 | N14: 0 | O14: 80 | P14: 20
A15: 11 | B15: 汕头零跑 | F15: 100 | G15: 100 | H15: 800 | I15: =H15/F15 -> 8 | J15: 600 | K15: =J15/G15 -> 6 | L15: 1200 | M15: =H15+J15+N15 -> 1400 | N15: 0 | O15: 80 | P15: 20
A16: 12 | B16: 清远港鸿 | F16: 80 | G16: 90 | H16: 200 | I16: =H16/F16 -> 2.5 | J16: 200 | K16: =J16/G16 -> 2.2222222 | L16: 150 | M16: =H16+J16+N16 -> 456 | N16: 56 | O16: 50 | P16: 8
... A21: 17 | B21: 北站店 | F21: 80 | G21: 100 | H21: 200 | I21: =H21/F21 -> 2.5 | J21: 200 | K21: =J21/G21 -> 2 | L21: 400 | M21: =H21+J21+N21 -> 400 | N21: 0 | O21: 20 | P21: 7
A22: 18 | B22: 清远智己 | F22: 40 | G22: 40 | H22: 30 | I22: =H22/F22 -> 0.75 | J22: 30 | K22: =J22/G22 -> 0.75 | L22: 250 | M22: 250 | N22: 0 | O22: 8 | P22: 2
B23: 合计 | F23: =SUM(F5:F22) -> 1380 | G23: =SUM(G5:G22) -> 1360 | H23: =SUM(H5:H22) -> 6480 | I23: =SUM(I5:I22) -> 78.242063 | J23: =SUM(J5:J22) -> 4320 | K23: =SUM(K5:K22) -> 51.94246 | L23: =SUM(L5:L22) -> 8550 | M23: =SUM(M5:M22) -> 11394 | ... P23: =SUM(P5:P22) -> 232

Sheet 核心指标进度表
A1: 骏延集团2026年5月新媒体运营核心指标
K2: 线索
A3: 统计周期： | B3: 5.1-5.24 | D3: 时间进度： | E3: =24/31*100% -> 0.77419355 | L3: 4.1-4.5 | M3: 4.6-4.12 | N3: 4.13-4.19 | O3: 4.20-4.30
A4: ='总表-数据收集'!B5 -> 花都广本 | I4: 5 | K4: 花都广本 | L4: ='总表-数据收集'!AI5 -> 3099 | M4: ='总表-数据收集'!BH5 -> 1529 | N4: ='总表-数据收集'!CG5 -> 1277 | O4: ='总表-数据收集'!DF5 -> 731
A5: KPI | B5: 本周 | C5: 月累 | D5: 目标 | E5: 达成率 | F5: 进度差异 | G5: 离目标差异 | H5: 周趋势 | K5: 花都建设北零跑 | L5: ='总表-数据收集'!AI6 -> 869 | M5: ='总表-数据收集'!BH6 -> 495 | N5: ='总表-数据收集'!CG6 -> 1446 | O5: ='总表-数据收集'!DF6 -> 1054
A6: 直播场次 | B6: =#REF! -> #REF! | C6: ='总表-数据收集'!F5 -> 853 | D6: =目标数据!F5 -> 120 | E6: =C6/D6 -> 7.1083333 | F6: =C6-D6*E3 -> 760.09677 | G6: =C6-D6 -> 733 | K6: 白云零跑 | L6: ='总表-数据收集'!AI7 -> 1160 | M6: ='总表-数据收集'!BH7 -> 681 | N6: ='总表-数据收集'!CG7 -> 902 | O6: ='总表-数据收集'!DF7 -> 1112
A7: 短视频发布数 | B7: =#REF! -> #REF! | C7: ='总表-数据收集'!G5 -> 1213 | D7: =目标数据!G5 -> 100 | E7: =C7/D7 -> 12.13 | F7: =C7-D7*E3 -> 1135.5806 | G7: =C7-D7 -> 1113 | K7: 花都传祺 | L7: ='总表-数据收集'!AI8 -> 579 | M7: ='总表-数据收集'!BH8 -> 302 | N7: ='总表-数据收集'!CG8 -> 870 | O7: ='总表-数据收集'!DF8 -> 557
A8: 总线索 | B8: =#REF! -> #REF! | C8: ='总表-数据收集'!H5 -> 8849 | D8: =目标数据!M5 -> 1200 | E8: =C8/D8 -> 7.3741667 | F8: =C8-D8*E3 -> 7919.9677 | G8: =C8-D8 -> 7649 | K8: 清远极氪 | L8: ='总表-数据收集'!AI9 -> 68 | M8: ='总表-数据收集'!BH9 -> 369 | N8: ='总表-数据收集'!CG9 -> 345 | O8: ='总表-数据收集'!DF9 -> 384
A9: 总到店 | B9: =#REF! -> #REF! | C9: ='总表-数据收集'!R5 -> 209 | D9: =目标数据!O5 -> 50 | E9: =C9/D9 -> 4.18 | F9: =C9-D9*E3 -> 170.29032 | G9: =C9-D9 -> 159 | K9: 清远广本 | L9: ='总表-数据收集'!AI10 -> 683 | M9: ='总表-数据收集'!BH10 -> 765 | N9: ='总表-数据收集'!CG10 -> 867 | O9: ='总表-数据收集'!DF10 -> 593
A10: 新媒体订单 | B10: =#REF! -> #REF! | C10: ='总表-数据收集'!U5 -> 83 | D10: =目标数据!P5 -> 25 | E10: =C10/D10 -> 3.32 | F10: =C10-D10*E3 -> 63.645161 | G10: =C10-D10 -> 58 | K10: 鑫海广本 | L10: ='总表-数据收集'!AI11 -> 502 | M10: ='总表-数据收集'!BH11 -> 181 | N10: ='总表-数据收集'!CG11 -> 394 | O10: ='总表-数据收集'!DF11 -> 316
A11: 新媒体订单占零售订单比例 | B11: ='总表-数据收集'!X5 -> 0.038 | K11: 汕头广本 | L11: ='总表-数据收集'!AI12 -> 0 | M11: ='总表-数据收集'!BH12 -> 0 | N11: ='总表-数据收集'!CG12 -> 461 | O11: ='总表-数据收集'!DF12 -> 497
A12: 厂家矩阵排名 | B12: ='总表-数据收集'!AC5 -> 77 | K12: 江门大众 | L12: ='总表-数据收集'!AI13 -> 343 | M12: ='总表-数据收集'!BH13 -> 351 | N12: ='总表-数据收集'!CG13 -> 471 | O12: ='总表-数据收集'!DF13 -> 324
K13: 河源零跑 | L13: ='总表-数据收集'!AI14 -> 467 | M13: ='总表-数据收集'!BH14 -> 671 | N13: ='总表-数据收集'!CG14 -> 1074 | O13: ='总表-数据收集'!DF14 -> 840
K14: 汕头零跑 | L14: ='总表-数据收集'!AI15 -> 593 | M14: ='总表-数据收集'!BH15 -> 461 | N14: ='总表-数据收集'!CG15 -> 1200 | O14: ='总表-数据收集'!DF15 -> 1337
K15: 清远港鸿 | L15: ='总表-数据收集'!AI16 -> 319 | M15: ='总表-数据收集'!BH16 -> 282 | N15: ='总表-数据收集'!CG16 -> 338 | O15: ='总表-数据收集'!DF16 -> 365
A16: ='总表-数据收集'!B6 -> 花都建设北零跑 | I16: 6 | K16: 从化零跑 | L16: ='总表-数据收集'!AI17 -> 539 | M16: ='总表-数据收集'!BH17 -> 525 | N16: ='总表-数据收集'!CG17 -> 331 | O16: ='总表-数据收集'!DF17 -> 719
A17: KPI | B17: 本周 | C17: 月累 | D17: 目标 | E17: 达成率 | F17: 进度差异 | G17: 离目标差异 | H17: 周趋势 | K17: 清远奇晟 | L17: ='总表-数据收集'!AI18 -> 260 | M17: ='总表-数据收集'!BH18 -> 212 | N17: ='总表-数据收集'!CG18 -> 225 | O17: ='总表-数据收集'!DF18 -> 220
A18: 直播场次 | B18: =#REF! -> #REF! | C18: ='总表-数据收集'!F6 -> 563 | D18: =目标数据!F6 -> 80 | E18: =C18/D18 -> 7.0375 | F18: =C18-D18*E3 -> 501.06452 | G18: =C18-D18 -> 483 | K18: 清远英德 | L18: ='总表-数据收集'!AI19 -> 19 | M18: ='总表-数据收集'!BH19 -> 2 | N18: ='总表-数据收集'!CG19 -> 22 | O18: ='总表-数据收集'!DF19 -> 74
A19: 短视频发布数 | B19: =#REF! -> #REF! | C19: ='总表-数据收集'!G6 -> 847 | D19: =目标数据!G6 -> 90 | E19: =C19/D19 -> 9.4111111 | F19: =C19-D19*E3 -> 777.32258 | G19: =C19-D19 -> 757 | K19: 广花店 | L19: ='总表-数据收集'!AI20 -> 550 | M19: ='总表-数据收集'!BH20 -> 285 | N19: ='总表-数据收集'!CG20 -> 393 | O19: ='总表-数据收集'!DF20 -> 941
A20: 总线索 | B20: =#REF! -> #REF! | C20: ='总表-数据收集'!H6 -> 6156 | D20: =目标数据!M6 -> 1400 | E20: =C20/D20 -> 4.3971429 | F20: =C20-D20*E3 -> 5072.129 | G20: =C20-D20 -> 4756 | K20: 北站店 | L20: ='总表-数据收集'!AI21 -> 188 | M20: ='总表-数据收集'!BH21 -> 84 | N20: ='总表-数据收集'!CG21 -> 282 | O20: ='总表-数据收集'!DF21 -> 398
A21: 总到店 | B21: =#REF! -> #REF! | C21: ='总表-数据收集'!R6 -> 200 | D21: =目标数据!O6 -> 80 | E21: =C21/D21 -> 2.5 | F21: =C21-D21*E3 -> 138.06452 | G21: =C21-D21 -> 120 | K21: 到店
A22: 新媒体订单 | B22: =#REF! -> #REF! | C22: ='总表-数据收集'!U6 -> 59 | D22: =目标数据!P6 -> 20 | E22: =C22/D22 -> 2.95 | F22: =C22-D22*E3 -> 43.516129 | G22: =C22-D22 -> 39 | L22: 4.1-4.5 | M22: 4.6-4.12 | N22: 4.13-4.19 | O22: 4.20-4.30
A23: 新媒体订单占零售订单比例 | B23: ='总表-数据收集'!X6 -> 0.1333 | K23: 花都广本 | L23: ='总表-数据收集'!AS5 -> 77 | M23: ='总表-数据收集'!BR5 -> 22 | N23: ='总表-数据收集'!CQ5 -> 29 | O23: ='总表-数据收集'!DP5 -> 22
A24: 厂家矩阵排名 | B24: ='总表-数据收集'!AC6 -> 0 | K24: 花都建设北零跑 | L24: ='总表-数据收集'!AS6 -> 25 | M24: ='总表-数据收集'!BR6 -> 13 | N24: ='总表-数据收集'!CQ6 -> 26 | O24: ='总表-数据收集'!DP6 -> 51
K25: 白云零跑 | L25: ='总表-数据收集'!AS7 -> 27 | M25: ='总表-数据收集'!BR7 -> 21 | N25: ='总表-数据收集'!CQ7 -> 31 | O25: ='总表-数据收集'!DP7 -> 60
A26: ='总表-数据收集'!B7 -> 白云零跑 | I26: 7 | K26: 花都传祺 | L26: ='总表-数据收集'!AS8 -> 22 | M26: ='总表-数据收集'!BR8 -> 8 | N26: ='总表-数据收集'!CQ8 -> 27 | O26: ='总表-数据收集'!DP8 -> 15
A27: KPI | B27: 本周 | C27: 月累 | D27: 目标 | E27: 达成率 | F27: 进度差异 | G27: 离目标差异 | K27: 清远极氪 | L27: ='总表-数据收集'!AS9 -> 10 | M27: ='总表-数据收集'!BR9 -> 16 | N27: ='总表-数据收集'!CQ9 -> 18 | O27: ='总表-数据收集'!DP9 -> 25
A28: 直播场次 | B28: =#REF! -> #REF! | C28: ='总表-数据收集'!F7 -> 625 | D28: =目标数据!F7 -> 80 | E28: =C28/D28 -> 7.8125 | F28: =C28-D28*E3 -> 563.06452 | G28: =C28-D28 -> 545 | K28: 清远广本 | L28: ='总表-数据收集'!AS10 -> 41 | M28: ='总表-数据收集'!BR10 -> 29 | N28: ='总表-数据收集'!CQ10 -> 50 | O28: ='总表-数据收集'!DP10 -> 33
A29: 短视频发布数 | B29: =#REF! -> #REF! | C29: ='总表-数据收集'!G7 -> 1105 | D29: =目标数据!G7 -> 80 | E29: =C29/D29 -> 13.8125 | F29: =C29-D29*E3 -> 1043.0645 | G29: =C29-D29 -> 1025 | K29: 鑫海广本 | L29: ='总表-数据收集'!AS11 -> 76 | M29: ='总表-数据收集'!BR11 -> 27 | N29: ='总表-数据收集'!CQ11 -> 52 | O29: ='总表-数据收集'!DP11 -> 37
A30: 总线索 | B30: =#REF! -> #REF! | C30: ='总表-数据收集'!H7 -> 6353 | D30: =目标数据!M7 -> 600 | E30: =C30/D30 -> 10.588333 | F30: =C30-D30*E3 -> 5888.4839 | G30: =C30-D30 -> 5753 | K30: 汕头广本 | L30: ='总表-数据收集'!AS12 -> 0 | M30: ='总表-数据收集'!BR12 -> 0 | N30: ='总表-数据收集'!CQ12 -> 41 | O30: ='总表-数据收集'!DP12 -> 25
A31: 总到店 | B31: =#REF! -> #REF! | C31: ='总表-数据收集'!R7 -> 288 | D31: =目标数据!O7 -> 60 | E31: =C31/D31 -> 4.8 | F31: =C31-D31*E3 -> 241.54839 | G31: =C31-D31 -> 228 | H31: 周趋势 | K31: 江门大众 | L31: ='总表-数据收集'!AS13 -> 17 | M31: ='总表-数据收集'!BR13 -> 9 | N31: ='总表-数据收集'!CQ13 -> 22 | O31: ='总表-数据收集'!DP13 -> 10
A32: 新媒体订单 | B32: =#REF! -> #REF! | C32: ='总表-数据收集'!U7 -> 103 | D32: =目标数据!P7 -> 15 | E32: =C32/D32 -> 6.8666667 | F32: =C32-D32*E3 -> 91.387097 | G32: =C32-D32 -> 88 | K32: 河源零跑 | L32: ='总表-数据收集'!AS14 -> 99 | M32: ='总表-数据收集'!BR14 -> 67 | N32: ='总表-数据收集'!CQ14 -> 91 | O32: ='总表-数据收集'!DP14 -> 127
A33: 新媒体订单占零售订单比例 | B33: ='总表-数据收集'!X7 -> 0.25 | K33: 汕头零跑 | L33: ='总表-数据收集'!AS15 -> 54 | M33: ='总表-数据收集'!BR15 -> 47 | N33: ='总表-数据收集'!CQ15 -> 92 | O33: ='总表-数据收集'!DP15 -> 120
A34: 厂家矩阵排名 | B34: ='总表-数据收集'!AC7 -> 263 | K34: 清远港鸿 | L34: ='总表-数据收集'!AS16 -> 54 | M34: ='总表-数据收集'!BR16 -> 11 | N34: ='总表-数据收集'!CQ16 -> 39 | O34: ='总表-数据收集'!DP16 -> 42
K35: 从化零跑 | L35: ='总表-数据收集'!AS17 -> 1 | M35: ='总表-数据收集'!BR17 -> 4 | N35: ='总表-数据收集'!CQ17 -> 11 | O35: ='总表-数据收集'!DP17 -> 25
K36: 清远奇晟 | L36: ='总表-数据收集'!AS18 -> 22 | M36: ='总表-数据收集'!BR18 -> 6 | N36: ='总表-数据收集'!CQ18 -> 11 | O36: ='总表-数据收集'!DP18 -> 29
A37: ='总表-数据收集'!B8 -> 花都传祺 | I37: 8 | K37: 清远英德 | L37: ='总表-数据收集'!AS19 -> 7 | M37: ='总表-数据收集'!BR19 -> 1 | N37: ='总表-数据收集'!CQ19 -> 3 | O37: ='总表-数据收集'!DP19 -> 23
A38: KPI | B38: 本周 | C38: 月累 | D38: 目标 | E38: 达成率 | F38: 进度差异 | G38: 离目标差异 | K38: 广花店 | L38: ='总表-数据收集'!AS20 -> 0 | M38: ='总表-数据收集'!BR20 -> 3 | N38: ='总表-数据收集'!CQ20 -> 8 | O38: ='总表-数据收集'!DP20 -> 28
A39: 直播场次 | B39: =#REF! -> #REF! | C39: ='总表-数据收集'!F8 -> 923 | D39: =目标数据!F8 -> 70 | E39: =C39/D39 -> 13.185714 | F39: =C39-D39*E3 -> 868.80645 | G39: =C39-D39 -> 853 | K39: 北站店 | L39: ='总表-数据收集'!AS21 -> 2 | M39: ='总表-数据收集'!BR21 -> 6 | N39: ='总表-数据收集'!CQ21 -> 21 | O39: ='总表-数据收集'!DP21 -> 28
A40: 短视频发布数 | B40: =#REF! -> #REF! | C40: ='总表-数据收集'!G8 -> 962 | D40: =目标数据!G8 -> 70 | E40: =C40/D40 -> 13.742857 | F40: =C40-D40*E3 -> 907.80645 | G40: =C40-D40 -> 892 | K40: 订单 | L40: 4.1-4.5 | M40: 4.6-4.12 | N40: 4.13-4.19 | O40: 4.20-4.30
A41: 总线索 | B41: =#REF! -> #REF! | C41: ='总表-数据收集'!H8 -> 4306 | D41: =目标数据!M8 -> 250 | E41: =C41/D41 -> 17.224 | F41: =C41-D41*E3 -> 4112.4516 | G41: =C41-D41 -> 4056 | K41: 花都广本 | L41: ='总表-数据收集'!AT5 -> 36 | M41: ='总表-数据收集'!BS5 -> 4 | N41: ='总表-数据收集'!CR5 -> 9 | O41: ='总表-数据收集'!DQ5 -> 7
A42: 总到店 | B42: =#REF! -> #REF! | C42: ='总表-数据收集'!R8 -> 155 | D42: =目标数据!O8 -> 30 | E42: =C42/D42 -> 5.1666667 | F42: =C42-D42*E3 -> 131.77419 | G42: =C42-D42 -> 125 | K42: 花都建设北零跑 | L42: ='总表-数据收集'!AT6 -> 6 | M42: ='总表-数据收集'!BS6 -> 3 | N42: ='总表-数据收集'!CR6 -> 9 | O42: ='总表-数据收集'!DQ6 -> 12
A43: 新媒体订单 | B43: =#REF! -> #REF! | C43: ='总表-数据收集'!U8 -> 40 | D43: =目标数据!P8 -> 6 | E43: =C43/D43 -> 6.6666667 | F43: =C43-D43*E3 -> 35.354839 | G43: =C43-D43 -> 34 | K43: 白云零跑 | L43: ='总表-数据收集'!AT7 -> 6 | M43: ='总表-数据收集'!BS7 -> 13 | N43: ='总表-数据收集'!CR7 -> 17 | O43: ='总表-数据收集'!DQ7 -> 16
A44: 新媒体订单占零售订单比例 | B44: ='总表-数据收集'!X8 -> 0.44 | K44: 花都传祺 | L44: ='总表-数据收集'!AT8 -> 7 | M44: ='总表-数据收集'!BS8 -> 3 | N44: ='总表-数据收集'!CR8 -> 7 | O44: ='总表-数据收集'!DQ8 -> 3
A45: 厂家矩阵排名 | B45: ='总表-数据收集'!AC8 -> 133 | K45: 清远极氪 | L45: ='总表-数据收集'!AT9 -> 1 | M45: ='总表-数据收集'!BS9 -> 0 | N45: ='总表-数据收集'!CR9 -> 2 | O45: ='总表-数据收集'!DQ9 -> 2
H46: 周趋势 | K46: 清远广本 | L46: ='总表-数据收集'!AT10 -> 11 | M46: ='总表-数据收集'!BS10 -> 5 | N46: ='总表-数据收集'!CR10 -> 9 | O46: ='总表-数据收集'!DQ10 -> 7
A47: ='总表-数据收集'!B9 -> 清远极氪 | I47: 9 | K47: 鑫海广本 | L47: ='总表-数据收集'!AT11 -> 15 | M47: ='总表-数据收集'!BS11 -> 7 | N47: ='总表-数据收集'!CR11 -> 10 | O47: ='总表-数据收集'!DQ11 -> 5
A48: KPI | B48: 本周 | C48: 月累 | D48: 目标 | E48: 达成率 | F48: 进度差异 | G48: 离目标差异 | K48: 汕头广本 | L48: ='总表-数据收集'!AT12 -> 0 | M48: ='总表-数据收集'!BS12 -> 0 | N48: ='总表-数据收集'!CR12 -> 16 | O48: ='总表-数据收集'!DQ12 -> 9
A49: 直播场次 | B49: =#REF! -> #REF! | C49: ='总表-数据收集'!F9 -> 520 | D49: =目标数据!F9 -> 90 | E49: =C49/D49 -> 5.7777778 | F49: =C49-D49*E3 -> 450.32258 | G49: =C49-D49 -> 430 | K49: 江门大众 | L49: ='总表-数据收集'!AT13 -> 10 | M49: ='总表-数据收集'!BS13 -> 3 | N49: ='总表-数据收集'!CR13 -> 6 | O49: ='总表-数据收集'!DQ13 -> 2
A50: 短视频发布数 | B50: =#REF! -> #REF! | C50: ='总表-数据收集'!G9 -> 389 | D50: =目标数据!G9 -> 60 | E50: =C50/D50 -> 6.4833333 | F50: =C50-D50*E3 -> 342.54839 | G50: =C50-D50 -> 329 | K50: 河源零跑 | L50: ='总表-数据收集'!AT14 -> 19 | M50: ='总表-数据收集'!BS14 -> 5 | N50: ='总表-数据收集'!CR14 -> 21 | O50: ='总表-数据收集'!DQ14 -> 22
A51: 总线索 | B51: =#REF! -> #REF! | C51: ='总表-数据收集'!H9 -> 2168 | D51: =目标数据!M9 -> 450 | E51: =C51/D51 -> 4.8177778 | F51: =C51-D51*E3 -> 1819.6129 | G51: =C51-D51 -> 1718 | K51: 汕头零跑 | L51: ='总表-数据收集'!AT15 -> 12 | M51: ='总表-数据收集'!BS15 -> 11 | N51: ='总表-数据收集'!CR15 -> 24 | O51: ='总表-数据收集'!DQ15 -> 35
A52: 总到店 | B52: =#REF! -> #REF! | C52: ='总表-数据收集'!R9 -> 129 | D52: =目标数据!O9 -> 40 | E52: =C52/D52 -> 3.225 | F52: =C52-D52*E3 -> 98.032258 | G52: =C52-D52 -> 89 | K52: 清远港鸿 | L52: ='总表-数据收集'!AT16 -> 11 | M52: ='总表-数据收集'!BS16 -> 4 | N52: ='总表-数据收集'!CR16 -> 13 | O52: ='总表-数据收集'!DQ16 -> 5
A53: 新媒体订单 | B53: =#REF! -> #REF! | C53: ='总表-数据收集'!U9 -> 16 | D53: =目标数据!P9 -> 5 | E53: =C53/D53 -> 3.2 | F53: =C53-D53*E3 -> 12.129032 | G53: =C53-D53 -> 11 | K53: 从化零跑 | L53: ='总表-数据收集'!AT17 -> 4 | M53: ='总表-数据收集'!BS17 -> 2 | N53: ='总表-数据收集'!CR17 -> 4 | O53: ='总表-数据收集'!DQ17 -> 11
A54: 新媒体订单占零售订单比例 | B54: ='总表-数据收集'!X9 -> 0.2 | K54: 清远奇晟 | L54: ='总表-数据收集'!AT18 -> 6 | M54: ='总表-数据收集'!BS18 -> 3 | N54: ='总表-数据收集'!CR18 -> 5 | O54: ='总表-数据收集'!DQ18 -> 3
A55: 厂家矩阵排名 | B55: ='总表-数据收集'!AC9 -> 0 | K55: 清远英德 | L55: ='总表-数据收集'!AT19 -> 0 | M55: ='总表-数据收集'!BS19 -> 0 | N55: ='总表-数据收集'!CR19 -> 0 | O55: ='总表-数据收集'!DQ19 -> 0
H56: 周趋势 | K56: 广花店 | L56: ='总表-数据收集'!AT20 -> 0 | M56: ='总表-数据收集'!BS20 -> 2 | N56: ='总表-数据收集'!CR20 -> 2 | O56: ='总表-数据收集'!DQ20 -> 13
A57: ='总表-数据收集'!B10 -> 清远广本 | I57: 10 | K57: 北站店 | L57: ='总表-数据收集'!AT21 -> 1 | M57: ='总表-数据收集'!BS21 -> 0 | N57: ='总表-数据收集'!CR21 -> 4 | O57: ='总表-数据收集'!DQ21 -> 7
A58: KPI | B58: 本周 | C58: 月累 | D58: 目标 | E58: 达成率 | F58: 进度差异 | G58: 离目标差异
A59: 直播场次 | B59: =#REF! -> #REF! | C59: ='总表-数据收集'!F10 -> 448 | D59: =目标数据!F10 -> 70 | E59: =C59/D59 -> 6.4 | F59: =C59-D59*E3 -> 393.80645 | G59: =C59-D59 -> 378
A60: 短视频发布数 | B60: =#REF! -> #REF! | C60: ='总表-数据收集'!G10 -> 452 | D60: =目标数据!G10 -> 70 | E60: =C60/D60 -> 6.4571429 | F60: =C60-D60*E3 -> 397.80645 | G60: =C60-D60 -> 382
A61: 总线索 | B61: =#REF! -> #REF! | C61: ='总表-数据收集'!H10 -> 4068 | D61: =目标数据!M10 -> 350 | E61: =C61/D61 -> 11.622857 | F61: =C61-D61*E3 -> 3797.0323 | G61: =C61-D61 -> 3718
A62: 总到店 | B62: =#REF! -> #REF! | C62: ='总表-数据收集'!R10 -> 249 | D62: =目标数据!O10 -> 30 | E62: =C62/D62 -> 8.3 | F62: =C62-D62*E3 -> 225.77419 | G62: =C62-D62 -> 219
A63: 新媒体订单 | B63: =#REF! -> #REF! | C63: ='总表-数据收集'!U10 -> 59 | D63: =目标数据!P10 -> 8 | E63: =C63/D63 -> 7.375 | F63: =C63-D63*E3 -> 52.806452 | G63: =C63-D63 -> 51
A64: 新媒体订单占零售订单比例 | B64: ='总表-数据收集'!X10 -> 0
A65: 厂家矩阵排名 | B65: ='总表-数据收集'!AC10 -> 99
H66: 周趋势
A67: ='总表-数据收集'!B11 -> 鑫海广本 | I67: 11
A68: KPI | B68: 本周 | C68: 月累 | D68: 目标 | E68: 达成率 | F68: 进度差异 | G68: 离目标差异
A69: 直播场次 | B69: =#REF! -> #REF! | C69: ='总表-数据收集'!F11 -> 400 | D69: =目标数据!F11 -> 80 | E69: =C69/D69 -> 5 | F69: =C69-D69*E3 -> 338.06452 | G69: =C69-D69 -> 320
A70: 短视频发布数 | B70: =#REF! -> #REF! | C70: ='总表-数据收集'!G11 -> 306 | D70: =目标数据!G11 -> 60 | E70: =C70/D70 -> 5.1 | F70: =C70-D70*E3 -> 259.54839 | G70: =C70-D70 -> 246
A71: 总线索 | B71: =#REF! -> #REF! | C71: ='总表-数据收集'!H11 -> 2170 | D71: =目标数据!M11 -> 510 | E71: =C71/D71 -> 4.254902 | F71: =C71-D71*E3 -> 1775.1613 | G71: =C71-D71 -> 1660
A72: 总到店 | B72: =#REF! -> #REF! | C72: ='总表-数据收集'!R11 -> 281 | D72: =目标数据!O11 -> 45 | E72: =C72/D72 -> 6.2444444 | F72: =C72-D72*E3 -> 246.16129 | G72: =C72-D72 -> 236
A73: 新媒体订单 | B73: =#REF! -> #REF! | C73: ='总表-数据收集'!U11 -> 54 | D73: =目标数据!P11 -> 15 | E73: =C73/D73 -> 3.6 | F73: =C73-D73*E3 -> 42.387097 | G73: =C73-D73 -> 39
A74: 新媒体订单占零售订单比例 | B74: ='总表-数据收集'!X11 -> 0.2
A75: 厂家矩阵排名 | B75: ='总表-数据收集'!AC11 -> 200
H76: 周趋势
A77: ='总表-数据收集'!B12 -> 汕头广本 | I77: 12
A78: KPI | B78: 本周 | C78: 月累 | D78: 目标 | E78: 达成率 | F78: 进度差异 | G78: 离目标差异
A79: 直播场次 | B79: =#REF! -> #REF! | C79: ='总表-数据收集'!F12 -> 239 | D79: =目标数据!F12 -> 50 | E79: =C79/D79 -> 4.78 | F79: =C79-D79*E3 -> 200.29032 | G79: =C79-D79 -> 189
A80: 短视频发布数 | B80: =#REF! -> #REF! | C80: ='总表-数据收集'!G12 -> 302 | D80: =目标数据!G12 -> 80 | E80: =C80/D80 -> 3.775 | F80: =C80-D80*E3 -> 240.06452 | G80: =C80-D80 -> 222
A81: 总线索 | B81: =#REF! -> #REF! | C81: ='总表-数据收集'!H12 -> 2377 | D81: =目标数据!M12 -> 700 | E81: =C81/D81 -> 3.3957143 | F81: =C81-D81*E3 -> 1835.0645 | G81: =C81-D81 -> 1677
A82: 总到店 | B82: =#REF! -> #REF! | C82: ='总表-数据收集'!R12 -> 140 | D82: =目标数据!O12 -> 40 | E82: =C82/D82 -> 3.5 | F82: =C82-D82*E3 -> 109.03226 | G82: =C82-D82 -> 100
A83: 新媒体订单 | B83: =#REF! -> #REF! | C83: ='总表-数据收集'!U12 -> 47 | D83: =目标数据!P12 -> 20 | E83: =C83/D83 -> 2.35 | F83: =C83-D83*E3 -> 31.516129 | G83: =C83-D83 -> 27
A84: 新媒体订单占零售订单比例 | B84: ='总表-数据收集'!X12 -> 0.33
A85: 厂家矩阵排名 | B85: ='总表-数据收集'!AC12 -> 0
H86: 周趋势
A87: ='总表-数据收集'!B13 -> 江门大众 | I87: 13
A88: KPI | B88: 本周 | C88: 月累 | D88: 目标 | E88: 达成率 | F88: 进度差异 | G88: 离目标差异
A89: 直播场次 | B89: =#REF! -> #REF! | C89: ='总表-数据收集'!F13 -> 159 | D89: =目标数据!F13 -> 60 | E89: =C89/D89 -> 2.65 | F89: =C89-D89*E3 -> 112.54839 | G89: =C89-D89 -> 99
A90: 短视频发布数 | B90: =#REF! -> #REF! | C90: ='总表-数据收集'!G13 -> 433 | D90: =目标数据!G13 -> 60 | E90: =C90/D90 -> 7.2166667 | F90: =C90-D90*E3 -> 386.54839 | G90: =C90-D90 -> 373
A91: 总线索 | B91: =#REF! -> #REF! | C91: ='总表-数据收集'!H13 -> 1987 | D91: =目标数据!M13 -> 540 | E91: =C91/D91 -> 3.6796296 | F91: =C91-D91*E3 -> 1568.9355 | G91: =C91-D91 -> 1447
A92: 总到店 | B92: =#REF! -> #REF! | C92: ='总表-数据收集'!R13 -> 85 | D92: =目标数据!O13 -> 20 | E92: =C92/D92 -> 4.25 | F92: =C92-D92*E3 -> 69.516129 | G92: =C92-D92 -> 65
A93: 新媒体订单 | B93: =#REF! -> #REF! | C93: ='总表-数据收集'!U13 -> 32 | D93: =目标数据!P13 -> 10 | E93: =C93/D93 -> 3.2 | F93: =C93-D93*E3 -> 24.258065 | G93: =C93-D93 -> 22
A94: 新媒体订单占零售订单比例 | B94: ='总表-数据收集'!X13 -> 0.25
A95: 厂家矩阵排名 | B95: ='总表-数据收集'!AC13 -> 0
H96: 周趋势
A97: ='总表-数据收集'!B14 -> 河源零跑 | I97: 14
A98: KPI | B98: 本周 | C98: 月累 | D98: 目标 | E98: 达成率 | F98: 进度差异 | G98: 离目标差异
A99: 直播场次 | B99: =#REF! -> #REF! | C99: ='总表-数据收集'!F14 -> 462 | D99: =目标数据!F14 -> 80 | E99: =C99/D99 -> 5.775 | F99: =C99-D99*E3 -> 400.06452 | G99: =C99-D99 -> 382
A100: 短视频发布数 | B100: =#REF! -> #REF! | C100: ='总表-数据收集'!G14 -> 600 | D100: =目标数据!G14 -> 90 | E100: =C100/D100 -> 6.6666667 | F100: =C100-D100*E3 -> 530.32258 | G100: =C100-D100 -> 510
...

Sheet 总表-数据收集
A1: 骏延集团2026年1-7月新媒体数据
A2: 序号 | B2: 门店名称 | C2: 1月-7月12日 | AD2: 统计周期：1月1日-31日（合计31天） | BC2: 统计周期：2月1日-28日（合计28天） | CB2: 统计周期3月1日-31日（合计31天） | DA2: 统计周期：4月1日-30日（合计30天） | DZ2: 统计周期：5月1日-31日（合计31天） | EY2: 6月1日-30日（累计30天） | FZ2: 7月1日-12日（累计12天）
C3: 投流 | F3: 直播 场次 | G3: 短视频 发布数量 | H3: 线索 | P3: 到店 | S3: 全月总订单（7月） | T3: 垂媒订单（7月） | U3: 订单(新媒体） | AC3: 截止目前厂家 矩阵 排名 | AD3: 投流 | AG3: 直播 场次 | AH3: 短视频 发布数量 | AI3: 线索 | AQ3: 到店 | AT3: 订单(新媒体） | BB3: 厂家 矩阵 排名 | BC3: 投流 | BF3: 直播 场次 | BG3: 短视频 发布数量 | BH3: 线索 | BP3: 到店 | BS3: 订单(新媒体） | CA3: 厂家 矩阵 排名 | CB3: 投流 | CE3: 直播 场次 | CF3: 短视频 发布数量 | CG3: 线索 | CO3: 到店 | CR3: 订单(新媒体） | CZ3: 厂家 矩阵 排名 | DA3: 投流 | DD3: 直播 场次 | DE3: 短视频 发布数量 | DF3: 线索 | DN3: 到店 | DQ3: 订单(新媒体） | DY3: 厂家 矩阵 排名 | DZ3: 投流 | EC3: 直播 场次 | ED3: 短视频 发布数量 | EE3: 线索 | EM3: 到店 | EP3: 订单(新媒体） | EX3: 厂家 矩阵 排名 | EY3: 投流 | FB3: 直播 场次 | FC3: 短视频 发布数量 | FD3: 线索 | FL3: 到店 | FO3: 全月总订单 | FP3: 垂媒订单 | FQ3: 订单(新媒体） | FY3: 本月截止目前厂家 矩阵 排名 | FZ3: 投流 | GC3: 直播 场次 | GD3: 短视频 发布数量 | GE3: 线索 | GM3: 到店 | GP3: 全月总订单 | GQ3: 垂媒订单 | GR3: 订单(新媒体） | GZ3: 本月截止目前厂家 矩阵 排名
C4: 直播 投流 | D4: 短视频投流 | E4: 总投流 | H4: 总线索 | I4: 直播 线索 | J4: 短视频线索 | K4: 厂家下发线索 | L4: 本地 线索 | M4: 自然流线索数 | N4: 付费流线索数 | O4: 付费流线索成本(元/条） | P4: 直播 到店 | Q4: 短视频到店 | R4: 总到店 | U4: 新媒体总订单 | V4: 直播 订单 | W4: 短视频订单 | X4: 当月新媒体订单占零售订单比例 | Y4: 自然流线索 成交数 | Z4: 自然流线索 成交率 | AA4: 付费流线索 成交数 | AB4: 付费流线索 成交率 | AD4: 直播 投流 | AE4: 短视频投流 | AF4: 总投流 | AI4: 总线索 | AJ4: 直播 线索 | AK4: 短视频线索 | AL4: 厂家下发线索 | AM4: 本地 线索 | AN4: 自然流线索数 | AO4: 付费流线索数 | AP4: 付费流 线索成本 | AQ4: 直播 到店 | AR4: 短视频到店 | AS4: 总到店 | AT4: 新媒体总订单 | AU4: 直播 订单 | AV4: 短视频订单 | AW4: 新媒体订单占零售订单比例 | AX4: 自然流线索 成交数 | AY4: 自然流线索 成交率 | AZ4: 付费流线索 成交数 | BA4: 付费流线索 成交率 | BC4: 直播 投流 | BD4: 短视频投流 | BE4: 总投流 | BH4: 总线索 | BI4: 直播 线索 | BJ4: 短视频线索 | BK4: 厂家下发线索 | BL4: 本地 线索 | BM4: 自然流线索数 | BN4: 付费流线索数 | BO4: 付费流 线索成本 | BP4: 直播 到店 | BQ4: 短视频到店 | BR4: 总到店 | BS4: 新媒体总订单 | BT4: 直播 订单 | BU4: 短视频订单 | BV4: 新媒体订单占零售订单比例 | BW4: 自然流线索 成交数 | BX4: 自然流线索 成交率 | BY4: 付费流线索 成交数 | BZ4: 付费流线索 成交率 | CB4: 直播 投流 | CC4: 短视频投流 | CD4: 总投流 | CG4: 总线索 | CH4: 直播 线索 | CI4: 短视频线索 | CJ4: 厂家下发线索 | CK4: 本地 线索 | CL4: 自然流线索数 | CM4: 付费流线索数 | CN4: 付费流 线索成本 | CO4: 直播 到店 | CP4: 短视频到店 | CQ4: 总到店 | CR4: 新媒体总订单 | CS4: 直播 订单 | CT4: 短视频订单 | CU4: 新媒体订单占零售订单比例 | CV4: 自然流线索 成交数 | CW4: 自然流线索 成交率 | CX4: 付费流线索 成交数 | CY4: 付费流线索 成交率 | DA4: 直播 投流 | DB4: 短视频投流 | DC4: 总投流 | DF4: 总线索 | DG4: 直播 线索 | DH4: 短视频线索 | DI4: 厂家下发线索 | DJ4: 本地 线索 | DK4: 自然流线索数 | DL4: 付费流线索数 | DM4: 付费流 线索成本 | DN4: 直播 到店 | DO4: 短视频到店 | DP4: 总到店 | DQ4: 新媒体总订单 | DR4: 直播 订单 | DS4: 短视频订单 | DT4: 新媒体订单占零售订单比例 | DU4: 自然流线索 成交数 | DV4: 自然流线索 成交率 | DW4: 付费流线索 成交数 | DX4: 付费流线索 成交率 | DZ4: 直播 投流 | EA4: 短视频投流 | EB4: 总投流 | EE4: 总线索 | EF4: 直播 线索 | EG4: 短视频线索 | EH4: 厂家下发线索 | EI4: 本地 线索 | EJ4: 自然流线索数 | EK4: 付费流线索数 | EL4: 付费流 线索成本 | EM4: 直播 到店 | EN4: 短视频到店 | EO4: 总到店 | EP4: 新媒体总订单 | EQ4: 直播 订单 | ER4: 短视频订单 | ES4: 新媒体订单占零售订单比例 | ET4: 自然流线索 成交数 | EU4: 自然流线索 成交率 | EV4: 付费流线索 成交数 | EW4: 付费流线索 成交率 | EY4: 直播 投流 | EZ4: 短视频投流 | FA4: 总投流 | FD4: 总线索 | FE4: 直播 线索 | FF4: 短视频线索 | FG4: 厂家下发线索 | FH4: 本地 线索 | FI4: 自然流线索数 | FJ4: 付费流线索数 | FK4: 付费流线索成本(元/条） | FL4: 直播 到店 | FM4: 短视频到店 | FN4: 总到店 | FQ4: 新媒体总订单 | FR4: 直播 订单 | FS4: 短视频订单 | FT4: 当月新媒体订单占零售订单比例 | FU4: 自然流线索 成交数 | FV4: 自然流线索 成交率 | FW4: 付费流线索 成交数 | FX4: 付费流线索 成交率 | FZ4: 直播 投流 | GA4: 短视频投流 | GB4: 总投流 | GE4: 总线索 | GF4: 直播 线索 | GG4: 短视频线索 | GH4: 厂家下发线索 | GI4: 本地 线索 | GJ4: 自然流线索数 | GK4: 付费流线索数 | GL4: 付费流线索成本(元/条） | GM4: 直播 到店 | GN4: 短视频到店 | GO4: 总到店 | GR4: 新媒体总订单 | GS4: 直播 订单 | GT4: 短视频订单 | GU4: 当月新媒体订单占零售订单比例 | GV4: 自然流线索 成交数 | GW4: 自然流线索 成交率 | GX4: 付费流线索 成交数 | GY4: 付费流线索 成交率
A5: 1 | B5: 花都广本 | C5: =AD5+BC5+CB5+DA5+DZ5+EY5+FZ5 -> 248803.49 | D5: =AE5+BD5+CC5+DB5+EA5+EZ5+GA5 -> 66930.53 | E5: =AF5+BE5+CD5+DC5+EB5+FA5+GB5 -> 315734.02 | F5: =AG5+BF5+CE5+DD5+EC5+FB5+GC5 -> 853 | G5: =AH5+BG5+CF5+DE5+ED5+FC5+GD5 -> 1213 | H5: =AI5+BH5+CG5+DF5+EE5+FD5+GE5 -> 8849 | I5: =AJ5+BI5+CH5+DG5+EF5+FE5+GF5 -> 7118 | J5: =AK5+BJ5+CI5+DH5+EG5+FF5+GG5 -> 703 | ... N5: =AO5+BN5+CM5+DL5+EK5+FJ5+GK5 -> 7580 | O5: =E5/N5 -> 41.653565 | P5: =AQ5+BP5+CO5+DN5+EM5+FL5+GM5 -> 199 | Q5: =AR5+BQ5+CP5+DO5+EN5+FM5+GN5 -> 10 | R5: =AS5+BR5+CQ5+DP5+EO5+FN5+GO5 -> 209 | S5: 26 | T5: 1 | U5: =AT5+BS5+CR5+DQ5+EP5+FQ5+GR5 -> 83 | V5: =AU5+BT5+CS5+DR5+EQ5+FR5+GS5 -> 79 | W5: =AV5+BU5+CT5+DS5+ER5+FS5+GT5 -> 4 | X5: 0.038 | Y5: =AX5+BW5+CV5+DU5+ET5+FU5+GV5 -> 0 | Z5: =AY5+BX5+CW5+DV5+EU5+FV5+GW5 -> 0 | AA5: =AZ5+BY5+CX5+DW5+EV5+FW5+GX5 -> 83 | AB5: =AA5/N5 -> 0.010949868 | AC5: 77 | AD5: 93470.35 | AE5: 18907.78 | AF5: 112378.13 | AG5: 203 | AH5: 295 | AI5: 3099 | AJ5: 2512 | AK5: 238 | AL5: 349 | AM5: 2392 | AN5: 65 | AO5: 2708 | AP5: 41.498571 | AQ5: 67 | AR5: 10 | AS5: 77 | AT5: 36 | AU5: 33 | AV5: 3 | AW5: 0.31 | AX5: 0 | AY5: 0 | AZ5: 36 | BA5: 0.01070901 | BB5: 3 | BC5: 63223.11 | BD5: 13029.01 | BE5: 76252.12 | BF5: 148 | BG5: 367 | BH5: 1529 | BI5: 1373 | BJ5: 109 | BK5: 47 | BL5: 1443 | BM5: 18 | BN5: 1842 | BO5: 41.396374 | BP5: 22 | BQ5: 0 | BR5: 22 | BS5: 4 | BT5: 4 | BU5: 0 | BV5: 0.1 | BW5: 0 | BX5: 0 | BY5: 4 | BZ5: 0.0021715527 | CA5: 5 | CB5: 30312.47 | CC5: 11985.57 | CD5: 42298.04 | CE5: 167 | CF5: 202 | CG5: 1277 | CH5: 1009 | CI5: 123 | CJ5: 145 | CK5: 889 | CL5: 139 | CM5: 991 | CN5: 42.68218 | CO5: 29 | CP5: 0 | CQ5: 29 | CR5: 9 | CS5: 9 | CT5: 0 | CU5: 0.158 | CV5: 0 | CW5: 0 | CX5: 9 | CY5: 0.0090817356 | CZ5: 79 | DA5: 19166.62 | DB5: 0 | DC5: 19166.62 | DD5: 102 | DE5: 98 | DF5: 731 | DG5: 530 | DH5: 6 | DI5: 195 | DJ5: 455 | DK5: 0 | DL5: 474 | DM5: 40.435907 | DN5: 22 | DO5: 0 | DP5: 22 | DQ5: 7 | DR5: 7 | DS5: 0 | DT5: 0.008 | DU5: 0 | DV5: 0 | DW5: 7 | DX5: 0.014767932 | DY5: 103 | DZ5: 14141.01 | EA5: 10629.61 | EB5: 24770.62 | EC5: 110 | ED5: 87 | EE5: 1126 | EF5: 849 | EG5: 130 | EH5: 147 | EI5: 762 | EJ5: 14 | EK5: 739 | EL5: 33.519107 | EM5: 22 | EN5: 0 | EO5: 22 | EP5: 10 | EQ5: 10 | ER5: 0 | ES5: 0.12 | ET5: 0 | EU5: 0 | EV5: 10 | EW5: 0.0135318 | EX5: 41 | EY5: 19526.4 | EZ5: 7878.56 | FA5: 27404.96 | FB5: 88 | FC5: 126 | FD5: 733 | FE5: 600 | FF5: 38 | FG5: 95 | FH5: 501 | FI5: 9 | FJ5: 570 | FK5: 48.078877 | FL5: 35 | FM5: 0 | FN5: 35 | FO5: 101 | FP5: 33 | FQ5: 16 | FR5: 15 | FS5: 1 | FT5: 0.158 | FU5: 0 | FV5: 0 | FW5: 16 | FX5: 0.028070175 | FY5: 8 | FZ5: 8963.53 | GA5: 4500 | GB5: 13463.53 | GC5: 35 | GD5: 38 | GE5: 354 | GF5: 245 | GG5: 59 | GH5: 50 | GI5: 237 | GJ5: 37 | GK5: 256 | GL5: 52.591914 | GM5: 2 | GN5: 0 | GO5: 2 | GP5: 26 | GQ5: 1 | GR5: 1 | GS5: 1 | GT5: 0 | GU5: 0.038 | GV5: 0 | GW5: 0 | GX5: 1 | GY5: 0.00390625 | GZ5: 77
A6: 2 | B6: 花都建设北零跑 | C6: =AD6+BC6+CB6+DA6+DZ6+EY6+FZ6 -> 441404.44 | D6: =AE6+BD6+CC6+DB6+EA6+EZ6+GA6 -> 6925.5 | E6: =AF6+BE6+CD6+DC6+EB6+FA6+GB6 -> 448329.94 | F6: =AG6+BF6+CE6+DD6+EC6+FB6+GC6 -> 563 | G6: =AH6+BG6+CF6+DE6+ED6+FC6+GD6 -> 847 | H6: =AI6+BH6+CG6+DF6+EE6+FD6+GE6 -> 6156 | I6: =AJ6+BI6+CH6+DG6+EF6+FE6+GF6 -> 5775 | J6: =AK6+BJ6+CI6+DH6+EG6+FF6+GG6 -> 160 | ... N6: =AO6+BN6+CM6+DL6+EK6+FJ6+GK6 -> 6618 | O6: =E6/N6 -> 67.744022 | P6: =AQ6+BP6+CO6+DN6+EM6+FL6+GM6 -> 196 | Q6: =AR6+BQ6+CP6+DO6+EN6+FM6+GN6 -> 4 | R6: =AS6+BR6+CQ6+DP6+EO6+FN6+GO6 -> 200 | S6: 30 | T6: 4 | U6: =AT6+BS6+CR6+DQ6+EP6+FQ6+GR6 -> 59 | V6: =AU6+BT6+CS6+DR6+EQ6+FR6+GS6 -> 59 | W6: =AV6+BU6+CT6+DS6+ER6+FS6+GT6 -> 0 | X6: 0.1333 | Y6: =AX6+BW6+CV6+DU6+ET6+FU6+GV6 -> 0 | Z6: =AY6+BX6+CW6+DV6+EU6+FV6+GW6 -> 0 | AA6: =AZ6+BY6+CX6+DW6+EV6+FW6+GX6 -> 59 | AB6: =AA6/N6 -> 0.0089150801 | AD6: 62531.25 | AE6: 0 | AF6: 62531.25 | AG6: 87 | AH6: 103 | AI6: 869 | AJ6: 812 | AK6: 12 | AL6: 45 | AM6: 759 | AN6: 25 | AO6: 838 | AP6: 74.61963 | AQ6: 25 | AR6: 0 | AS6: 25 | AT6: 6 | AU6: 6 | AV6: 0 | AW6: 0.12 | AX6: 0 | AY6: 0 | AZ6: 6 | BA6: 0.0071599045 | BB6: 288 | BC6: 26762.36 | BD6: 0 | BE6: 26762.36 | BF6: 88 | BG6: 119 | BH6: 495 | BI6: 456 | BJ6: 7 | BK6: 32 | BL6: 465 | BM6: 9 | BN6: 451 | BO6: 59.340044 | BP6: 13 | BQ6: 0 | BR6: 13 | BS6: 3 | BT6: 3 | BU6: 0 | BV6: 0.23 | BW6: 0 | BX6: 0 | BY6: 3 | BZ6: 0.0066518847 | CA6: 183 | CB6: 69665.23 | CC6: 3925.5 | CD6: 73590.73 | CE6: 79 | CF6: 131 | CG6: 1446 | CH6: 1309 | CI6: 49 | CJ6: 88 | CK6: 687 | CL6: 25 | CM6: 1341 | CN6: 54.877502 | CO6: 24 | CP6: 2 | CQ6: 26 | CR6: 9 | CS6: 9 | CT6: 0 | CU6: 0.13 | CV6: 0 | CW6: 0 | CX6: 9 | CY6: 0.0067114094 | CZ6: 2 | DA6: 94677.84 | DB6: 0 | DC6: 94677.84 | DD6: 93 | DE6: 163 | DF6: 1054 | DG6: 1045 | DH6: 5 | DI6: 40 | DJ6: 1834 | DK6: 38 | DL6: 1751 | DM6: 54.070725 | DN6: 51 | DO6: 0 | DP6: 51 | DQ6: 12 | DR6: 12 | DS6: 0 | DT6: 0.1043 | DU6: 0 | DV6: 0 | DW6: 12 | DX6: 0.0068532267 | DY6: 269 | DZ6: 120493.48 | EA6: 3000 | EB6: 123493.48 | EC6: 90 | ED6: 129 | EE6: 1412 | EF6: 1283 | EG6: 87 | EH6: 42 | EI6: 1414 | EJ6: 13 | EK6: 1367 | EL6: 90.339049 | EM6: 42 | EN6: 2 | EO6: 44 | EP6: 18 | EQ6: 18 | ER6: 0 | ES6: 0.11 | ET6: 0 | EU6: 0 | EV6: 18 | EW6: 0.01316752 | EX6: 15 | EY6: 44628.54 | EZ6: 0 | FA6: 44628.54 | FB6: 92 | FC6: 166 | FD6: 620 | FE6: 620 | FF6: 0 | FG6: 0 | FH6: 620 | FI6: 0 | FJ6: 620 | FK6: 71.981516 | FL6: 32 | FM6: 0 | FN6: 32 | FO6: 86 | FP6: 26 | FQ6: 7 | FR6: 7 | FS6: 0 | FT6: 0.081 | FU6: 0 | FV6: 0 | FW6: 7 | FX6: 0.011290323 | FY6: 236 | FZ6: 22645.74 | GA6: 0 | GB6: 22645.74 | GC6: 34 | GD6: 36 | GE6: 260 | GF6: 250 | GG6: 0 | GH6: 10 | GI6: 260 | GJ6: 0 | GK6: 250 | GL6: 90.58296 | GM6: 9 | GN6: 0 | GO6: 9 | GP6: 30 | GQ6: 4 | GR6: 4 | GS6: 4 | GT6: 0 | GU6: 0.1333 | GV6: 0 | GW6: 0 | GX6: 4 | GY6: 0.016
A7: 3 | B7: 白云零跑 | C7: =AD7+BC7+CB7+DA7+DZ7+EY7+FZ7 -> 346441.97 | D7: =AE7+BD7+CC7+DB7+EA7+EZ7+GA7 -> 109443.11 | E7: =AF7+BE7+CD7+DC7+EB7+FA7+GB7 -> 455885.08 | F7: =AG7+BF7+CE7+DD7+EC7+FB7+GC7 -> 625 | G7: =AH7+BG7+CF7+DE7+ED7+FC7+GD7 -> 1105 | H7: =AI7+BH7+CG7+DF7+EE7+FD7+GE7 -> 6353 | I7: =AJ7+BI7+CH7+DG7+EF7+FE7+GF7 -> 4677 | J7: =AK7+BJ7+CI7+DH7+EG7+FF7+GG7 -> 1365 | ... N7: =AO7+BN7+CM7+DL7+EK7+FJ7+GK7 -> 6121 | O7: =E7/N7 -> 74.478856 | P7: =AQ7+BP7+CO7+DN7+EM7+FL7+GM7 -> 284 | Q7: =AR7+BQ7+CP7+DO7+EN7+FM7+GN7 -> 4 | R7: =AS7+BR7+CQ7+DP7+EO7+FN7+GO7 -> 288 | S7: 40 | T7: 11 | U7: =AT7+BS7+CR7+DQ7+EP7+FQ7+GR7 -> 103 | V7: =AU7+BT7+CS7+DR7+EQ7+FR7+GS7 -> 102 | W7: =AV7+BU7+CT7+DS7+ER7+FS7+GT7 -> 1 | X7: 0.25 | Y7: =AX7+BW7+CV7+DU7+ET7+FU7+GV7 -> 0 | Z7: =AY7+BX7+CW7+DV7+EU7+FV7+GW7 -> 0 | AA7: =AZ7+BY7+CX7+DW7+EV7+FW7+GX7 -> 103 | AB7: =AA7/N7 -> 0.016827316 | AC7: 263 | AD7: 68020.21 | AE7: 30054.05 | AF7: 98074.26 | AG7: 94 | AH7: 172 | AI7: 1160 | AJ7: 794 | AK7: 223 | AL7: 143 | AM7: 1014 | AN7: 18 | AO7: 1021 | AP7: 96.057062 | AQ7: 25 | AR7: 2 | AS7: 27 | AT7: 6 | AU7: 6 | AV7: 0 | AW7: 0.06 | AX7: 0 | AY7: 0 | AZ7: 6 | BA7: 0.0058765916 | BB7: 315 | BC7: 49912.45 | BD7: 18274.88 | BE7: 68187.33 | BF7: 97 | BG7: 136 | BH7: 681 | BI7: 562 | BJ7: 84 | BK7: 35 | BL7: 594 | BM7: 3 | BN7: 608 | BO7: 112.15021 | BP7: 21 | BQ7: 0 | BR7: 21 | BS7: 13 | BT7: 13 | BU7: 0 | BV7: 0.6 | BW7: 0 | BX7: 0 | BY7: 13 | BZ7: 0.021381579 | CA7: 207 | CB7: 45981.03 | CC7: 27252.22 | CD7: 73233.25 | CE7: 77 | CF7: 218 | CG7: 902 | CH7: 681 | CI7: 189 | CJ7: 32 | CK7: 988 | CL7: 14 | CM7: 979 | CN7: 74.804137 | CO7: 31 | CP7: 0 | CQ7: 31 | CR7: 17 | CS7: 17 | CT7: 0 | CU7: 0.346 | CV7: 0 | CW7: 0 | CX7: 17 | CY7: 0.017364658 | CZ7: 186 | DA7: 54056.11 | DB7: 13435.97 | DC7: 67492.08 | DD7: 97 | DE7: 197 | DF7: 1112 | DG7: 955 | DH7: 137 | DI7: 20 | DJ7: 974 | DK7: 6 | DL7: 1087 | DM7: 62.09023 | DN7: 60 | DO7: 0 | DP7: 60 | DQ7: 16 | DR7: 16 | DS7: 0 | DT7: 0.1 | DU7: 0 | DV7: 0 | DW7: 16 | DX7: 0.014719411 | DY7: 147 | DZ7: 46847 | EA7: 1143 | EB7: 47990 | EC7: 115 | ED7: 165 | EE7: 1084 | EF7: 673 | EG7: 353 | EH7: 58 | EI7: 896 | EJ7: 30 | EK7: 1026 | EL7: 46.773879 | EM7: 61 | EN7: 0 | EO7: 61 | EP7: 20 | EQ7: 20 | ER7: 0 | ES7: 0.233 | ET7: 0 | EU7: 0 | EV7: 20 | EW7: 0.019493177 | EX7: 230 | EY7: 55103.34 | EZ7: 15228.73 | FA7: 70332.07 | FB7: 107 | FC7: 167 | FD7: 1014 | FE7: 666 | FF7: 332 | FG7: 16 | FH7: 1014 | FI7: 0 | FJ7: 1014 | FK7: 69.361016 | FL7: 65 | FM7: 1 | FN7: 66 | FO7: 91 | FP7: 27 | FQ7: 20 | FR7: 19 | FS7: 1 | FT7: 0.219 | FU7: 0 | FV7: 0 | FW7: 20 | FX7: 0.019723866 | FY7: 185 | FZ7: 26521.83 | GA7: 4054.26 | GB7: 30576.09 | GC7: 38 | GD7: 50 | GE7: 400 | GF7: 346 | GG7: 47 | GH7: 7 | GI7: 383 | GJ7: 0 | GK7: 386 | GL7: 79.212668 | GM7: 21 | GN7: 1 | GO7: 22 | GP7: 40 | GQ7: 11 | GR7: 11 | GS7: 11 | GT7: 0 | GU7: 0.25 | GV7: 0 | GW7: 0 | GX7: 11 | GY7: 0.028497409 | GZ7: 263
A8: 4 | B8: 花都传祺 | C8: =AD8+BC8+CB8+DA8+DZ8+EY8+FZ8 -> 224870.74 | D8: =AE8+BD8+CC8+DB8+EA8+EZ8+GA8 -> 77650.68 | E8: =AF8+BE8+CD8+DC8+EB8+FA8+GB8 -> 302521.42 | F8: =AG8+BF8+CE8+DD8+EC8+FB8+GC8 -> 923 | G8: =AH8+BG8+CF8+DE8+ED8+FC8+GD8 -> 962 | H8: =AI8+BH8+CG8+DF8+EE8+FD8+GE8 -> 4306 | I8: =AJ8+BI8+CH8+DG8+EF8+FE8+GF8 -> 2579 | J8: =AK8+BJ8+CI8+DH8+EG8+FF8+GG8 -> 1317 | ... N8: =AO8+BN8+CM8+DL8+EK8+FJ8+GK8 -> 3370 | O8: =E8/N8 -> 89.768967 | P8: =AQ8+BP8+CO8+DN8+EM8+FL8+GM8 -> 124 | Q8: =AR8+BQ8+CP8+DO8+EN8+FM8+GN8 -> 31 | R8: =AS8+BR8+CQ8+DP8+EO8+FN8+GO8 -> 155 | S8: 9 | T8: 1 | U8: =AT8+BS8+CR8+DQ8+EP8+FQ8+GR8 -> 40 | V8: =AU8+BT8+CS8+DR8+EQ8+FR8+GS8 -> 31 | W8: =AV8+BU8+CT8+DS8+ER8+FS8+GT8 -> 9 | X8: 0.44 | Y8: =AX8+BW8+CV8+DU8+ET8+FU8+GV8 -> 0 | Z8: =AY8+BX8+CW8+DV8+EU8+FV8+GW8 -> 0 | AA8: =AZ8+BY8+CX8+DW8+EV8+FW8+GX8 -> 40 | AB8: =AA8/N8 -> 0.011869436 | AC8: 133 | AD8: 33306 | AE8: 18161 | AF8: 51467 | AG8: 141 | AH8: 137 | AI8: 579 | AJ8: 303 | AK8: 234 | AL8: 42 | AM8: 468 | AN8: 47 | AO8: 490 | AP8: 105.03469 | AQ8: 14 | AR8: 8 | AS8: 22 | AT8: 7 | AU8: 3 | AV8: 4 | AW8: 0.12 | AX8: 0 | AY8: 0 | AZ8: 7 | BA8: 0.014285714 | BB8: 167 | BC8: 13103.99 | BD8: 8591.8 | BE8: 21695.79 | BF8: 123 | BG8: 113 | BH8: 302 | BI8: 128 | BJ8: 135 | BK8: 39 | BL8: 254 | BM8: 162 | BN8: 101 | BO8: 214.8098 | BP8: 7 | BQ8: 1 | BR8: 8 | BS8: 3 | BT8: 2 | BU8: 1 | BV8: 0.17 | BW8: 0 | BX8: 0 | BY8: 3 | BZ8: 0.02970297 | CB8: 42719.18 | CC8: 26942.88 | CD8: 69662.06 | CE8: 108 | CF8: 105 | CG8: 870 | CH8: 424 | CI8: 284 | CJ8: 162 | CK8: 656 | CL8: 40 | CM8: 623 | CN8: 111.81711 | CO8: 22 | CP8: 5 | CQ8: 27 | CR8: 7 | CS8: 6 | CT8: 1 | CU8: 0.18 | CV8: 0 | CW8: 0 | CX8: 7 | CY8: 0.011235955 | DA8: 21202.57 | DB8: 10046 | DC8: 31248.57 | DD8: 135 | DE8: 132 | DF8: 557 | DG8: 256 | DH8: 248 | DI8: 53 | DJ8: 433 | DK8: 38 | DL8: 456 | DM8: 68.527566 | DN8: 12 | DO8: 3 | DP8: 15 | DQ8: 3 | DR8: 3 | DS8: 0 | DT8: 0.1 | DU8: 0 | DV8: 0 | DW8: 3 | DX8: 0.0065789474 | DZ8: 33449 | EA8: 11733 | EB8: 45182 | EC8: 143 | ED8: 151 | EE8: 682 | EF8: 373 | EG8: 257 | EH8: 52 | EI8: 520 | EJ8: 59 | EK8: 561 | EL8: 80.538324 | EM8: 22 | EN8: 8 | EO8: 30 | EP8: 8 | EQ8: 5 | ER8: 3 | ES8: 0.18 | ET8: 0 | EU8: 0 | EV8: 8 | EW8: 0.01426025 | EX8: 107 | EY8: 52473 | EZ8: 1648 | FA8: 54121 | FB8: 181 | FC8: 243 | FD8: 860 | FE8: 703 | FF8: 121 | FG8: 36 | FH8: 698 | FI8: 59 | FJ8: 718 | FK8: 75.377437 | FL8: 31 | FM8: 0 | FN8: 31 | FO8: 45 | FP8: 11 | FQ8: 8 | FR8: 8 | FS8: 0 | FT8: 0.1778 | FU8: 0 | FV8: 0 | FW8: 8 | FX8: 0.011142061 | FY8: 117 | FZ8: 28617 | GA8: 528 | GB8: 29145 | GC8: 92 | GD8: 81 | GE8: 456 | GF8: 392 | GG8: 38 | GH8: 26 | GI8: 335 | GJ8: 14 | GK8: 421 | GL8: 69.228029 | GM8: 16 | GN8: 6 | GO8: 22 | GP8: 9 | GQ8: 1 | GR8: 4 | GS8: 4 | GT8: 0 | GU8: 0.44 | GV8: 0 | GW8: 0 | GX8: 4 | GY8: 0.0095011876 | GZ8: 133
A9: 5 | B9: 清远极氪 | C9: =AD9+BC9+CB9+DA9+DZ9+EY9+FZ9 -> 137540.58 | D9: =AE9+BD9+CC9+DB9+EA9+EZ9+GA9 -> 22631.53 | E9: =AF9+BE9+CD9+DC9+EB9+FA9+GB9 -> 160172.11 | F9: =AG9+BF9+CE9+DD9+EC9+FB9+GC9 -> 520 | G9: =AH9+BG9+CF9+DE9+ED9+FC9+GD9 -> 389 | H9: =AI9+BH9+CG9+DF9+EE9+FD9+GE9 -> 2168 | I9: =AJ9+BI9+CH9+DG9+EF9+FE9+GF9 -> 1845 | J9: =AK9+BJ9+CI9+DH9+EG9+FF9+GG9 -> 268 | ... N9: =AO9+BN9+CM9+DL9+EK9+FJ9+GK9 -> 1901 | O9: =E9/N9 -> 84.256765 | P9: =AQ9+BP9+CO9+DN9+EM9+FL9+GM9 -> 128 | Q9: =AR9+BQ9+CP9+DO9+EN9+FM9+GN9 -> 1 | R9: =AS9+BR9+CQ9+DP9+EO9+FN9+GO9 -> 129 | S9: 5 | T9: 1 | U9: =AT9+BS9+CR9+DQ9+EP9+FQ9+GR9 -> 16 | V9: =AU9+BT9+CS9+DR9+EQ9+FR9+GS9 -> 16 | W9: =AV9+BU9+CT9+DS9+ER9+FS9+GT9 -> 0 | X9: 0.2 | Y9: =AX9+BW9+CV9+DU9+ET9+FU9+GV9 -> 0 | Z9: =AY9+BX9+CW9+DV9+EU9+FV9+GW9 -> 0.533 | AA9: =AZ9+BY9+CX9+DW9+EV9+FW9+GX9 -> 16 | AB9: =AA9/N9 -> 0.0084166228 | AD9: 3841.5 | AE9: 438.73 | AF9: 4280.23 | AG9: 35 | AH9: 35 | AI9: 68 | AJ9: 38 | AK9: 11 | AL9: 19 | AM9: 57 | AN9: 5 | AO9: 29 | AP9: 147.59414 | AQ9: 10 | AR9: 0 | AS9: 10 | AT9: 1 | AU9: 1 | AV9: 0 | AW9: 0 | AX9: 0 | AY9: 0 | AZ9: 1 | BA9: 0.034482759 | BC9: 13841 | BD9: 11356 | BE9: 25197 | BF9: 57 | BG9: 83 | BH9: 369 | BI9: 227 | BJ9: 137 | BK9: 5 | BL9: 67 | BM9: 8 | BN9: 353 | BO9: 71.379603 | BP9: 15 | BQ9: 1 | BR9: 16 | BS9: 0 | BT9: 0 | BU9: 0 | BV9: 0 | BW9: 0 | BX9: 0 | BY9: 0 | BZ9: 0 | CB9: 25871 | CC9: 3777 | CD9: 29648 | CE9: 99 | CF9: 66 | CG9: 345 | CH9: 314 | CI9: 19 | CJ9: 0 | CK9: 173 | CL9: 30 | CM9: 321 | CN9: 92.361371 | CO9: 18 | CP9: 0 | CQ9: 18 | CR9: 2 | CS9: 2 | CT9: 0 | CU9: 0.03 | CV9: 0 | CW9: 0 | CX9: 2 | CY9: 0.0062305296 | DA9: 29189.22 | DB9: 3152 | DC9: 32341.22 | DD9: 96 | DE9: 64 | DF9: 384 | DG9: 336 | DH9: 44 | DI9: 4 | DJ9: 179 | DK9: 13 | DL9: 364 | DM9: 88.849505 | DN9: 25 | DO9: 0 | DP9: 25 | DQ9: 2 | DR9: 2 | DS9: 0 | DT9: 0.067 | DU9: 0 | DV9: 0.533 | DW9: 2 | DX9: 0.0054945055 | DZ9: 28448 | EA9: 1173 | EB9: 29621 | EC9: 96 | ED9: 60 | EE9: 408 | EF9: 387 | EG9: 21 | EH9: 0 | EI9: 276 | EJ9: 26 | EK9: 390 | EL9: 75.951282 | EM9: 33 | EN9: 0 | EO9: 33 | EP9: 6 | EQ9: 6 | ER9: 0 | ES9: 0.136 | ET9: 0 | EU9: 0 | EV9: 6 | EW9: 0.015384615 | EY9: 25412.86 | EZ9: 2134.8 | FA9: 27547.66 | FB9: 96 | FC9: 60 | FD9: 418 | FE9: 375 | FF9: 28 | FG9: 15 | FH9: 300 | FI9: 77 | FJ9: 316 | FK9: 87.176139 | FL9: 20 | FM9: 0 | FN9: 20 | FO9: 30 | FP9: 4 | FQ9: 4 | FR9: 4 | FS9: 0 | FT9: 0.115 | FU9: 0 | FV9: 0 | FW9: 4 | FX9: 0.012658228 | FZ9: 10937 | GA9: 600 | GB9: 11537 | GC9: 41 | GD9: 21 | GE9: 176 | GF9: 168 | GG9: 8 | GH9: 0 | GI9: 100 | GJ9: 50 | GK9: 128 | GL9: 90.132812 | GM9: 7 | GN9: 0 | GO9: 7 | GP9: 5 | GQ9: 1 | GR9: 1 | GS9: 1 | GT9: 0 | GU9: 0.2 | GV9: 0 | GW9: 0 | GX9: 1 | GY9: 0.0078125
A10: 6 | B10: 清远广本 | C10: =AD10+BC10+CB10+DA10+DZ10+EY10+FZ10 -> 52194.65 | D10: =AE10+BD10+CC10+DB10+EA10+EZ10+GA10 -> 0 | E10: =AF10+BE10+CD10+DC10+EB10+FA10+GB10 -> 52194.65 | F10: =AG10+BF10+CE10+DD10+EC10+FB10+GC10 -> 448 | G10: =AH10+BG10+CF10+DE10+ED10+FC10+GD10 -> 452 | H10: =AI10+BH10+CG10+DF10+EE10+FD10+GE10 -> 4068 | I10: =AJ10+BI10+CH10+DG10+EF10+FE10+GF10 -> 1883 | J10: =AK10+BJ10+CI10+DH10+EG10+FF10+GG10 -> 529 | ... N10: =AO10+BN10+CM10+DL10+EK10+FJ10+GK10 -> 1014 | O10: =E10/N10 -> 51.474014 | P10: =AQ10+BP10+CO10+DN10+EM10+FL10+GM10 -> 218 | Q10: =AR10+BQ10+CP10+DO10+EN10+FM10+GN10 -> 31 | R10: =AS10+BR10+CQ10+DP10+EO10+FN10+GO10 -> 249 | S10: 12 | T10: 0 | U10: =AT10+BS10+CR10+DQ10+EP10+FQ10+GR10 -> 59 | V10: =AU10+BT10+CS10+DR10+EQ10+FR10+GS10 -> 52 | W10: =AV10+BU10+CT10+DS10+ER10+FS10+GT10 -> 7 | X10: 0 | Y10: =AX10+BW10+CV10+DU10+ET10+FU10+GV10 -> 18 | Z10: =AY10+BX10+CW10+DV10+EU10+FV10+GW10 -> 0.92209466 | AA10: =AZ10+BY10+CX10+DW10+EV10+FW10+GX10 -> 41 | AB10: =AA10/N10 -> 0.040433925 | AC10: 99 | AD10: 0 | AE10: 0 | AF10: 0 | AG10: 65 | AH10: 58 | AI10: 683 | AJ10: 170 | AK10: 111 | AL10: 402 | AM10: 66 | AN10: 198 | AO10: 0 | AP10: 0 | AQ10: 36 | AR10: 5 | AS10: 41 | AT10: 11 | AU10: 9 | AV10: 2 | AW10: 0.21 | AX10: 1 | AY10: 0.1026455 | AZ10: 10 | BA10: 0 | BB10: 141 | BC10: 0 | BD10: 0 | BE10: 0 | BF10: 45 | BG10: 58 | BH10: 765 | BI10: 229 | BJ10: 75 | BK10: 461 | BL10: 86 | BM10: 252 | BN10: 0 | BO10: 0 | BP10: 22 | BQ10: 7 | BR10: 29 | BS10: 5 | BT10: 4 | BU10: 1 | BV10: 0.11 | BW10: 5 | BX10: 0.079449153 | BY10: 0 | BZ10: 0 | CA10: 88 | CB10: 15070.65 | CC10: 0 | CD10: 15070.65 | CE10: 96 | CF10: 93 | CG10: 867 | CH10: 348 | CI10: 136 | CJ10: 383 | CK10: 203 | CL10: 122 | CM10: 270 | CN10: 55.817222 | CO10: 44 | CP10: 6 | CQ10: 50 | CR10: 9 | CS10: 8 | CT10: 1 | CU10: 0.2 | CV10: 1 | CW10: 0.024 | CX10: 8 | CY10: 0.02962963 | CZ10: 161 | DA10: 4592 | DB10: 0 | DC10: 4592 | DD10: 74 | DE10: 80 | DF10: 593 | DG10: 307 | DH10: 93 | DI10: 193 | DJ10: 72 | DK10: 150 | DL10: 45 | DM10: 102.04444 | DN10: 28 | DO10: 5 | DP10: 33 | DQ10: 7 | DR10: 7 | DS10: 0 | DT10: 0.17 | DU10: 3 | DV10: 0.236 | DW10: 4 | DX10: 0.088888889 | DY10: 252 | DZ10: 15729 | EA10: 0 | EB10: 15729 | EC10: 82 | ED10: 83 | EE10: 525 | EF10: 363 | EG10: 55 | EH10: 110 | EI10: 215 | EJ10: 97 | EK10: 324 | EL10: 32.931034 | EM10: 38 | EN10: 4 | EO10: 42 | EP10: 10 | EQ10: 8 | ER10: 2 | ES10: 0.227 | ET10: 4 | EU10: 0.263 | EV10: 6 | EW10: 0.01061008 | EX10: 149 | EY10: 11857 | EZ10: 0 | FA10: 11857 | FB10: 68 | FC10: 72 | FD10: 480 | FE10: 343 | FF10: 47 | FG10: 90 | FH10: 143 | FI10: 103 | FJ10: 276 | FK10: 42.960145 | FL10: 41 | FM10: 4 | FN10: 45 | FO10: 61 | FP10: 17 | FQ10: 17 | FR10: 16 | FS10: 1 | FT10: 0.278 | FU10: 4 | FV10: 0.217 | FW10: 13 | FX10: 0.047101449 | FY10: 134 | FZ10: 4946 | GA10: 0 | GB10: 4946 | GC10: 18 | GD10: 8 | GE10: 155 | GF10: 123 | GG10: 12 | GH10: 20 | GI10: 83 | GJ10: 46 | GK10: 99 | GL10: 49.959596 | GM10: 9 | GN10: 0 | GO10: 9 | GP10: 12 | GQ10: 0 | GR10: 0 | GS10: 0 | GT10: 0 | GU10: 0 | GV10: 0 | GW10: 0 | GX10: 0 | GY10: 0 | GZ10: 99
A11: 7 | B11: 鑫海广本 | C11: =AD11+BC11+CB11+DA11+DZ11+EY11+FZ11 -> 71200 | D11: =AE11+BD11+CC11+DB11+EA11+EZ11+GA11 -> 0 | E11: =AF11+BE11+CD11+DC11+EB11+FA11+GB11 -> 71200 | F11: =AG11+BF11+CE11+DD11+EC11+FB11+GC11 -> 400 | G11: =AH11+BG11+CF11+DE11+ED11+FC11+GD11 -> 306 | H11: =AI11+BH11+CG11+DF11+EE11+FD11+GE11 -> 2170 | I11: =AJ11+BI11+CH11+DG11+EF11+FE11+GF11 -> 1528 | J11: =AK11+BJ11+CI11+DH11+EG11+FF11+GG11 -> 192 | ... N11: =AO11+BN11+CM11+DL11+EK11+FJ11+GK11 -> 1682 | O11: =E11/N11 -> 42.330559 | P11: =AQ11+BP11+CO11+DN11+EM11+FL11+GM11 -> 251 | Q11: =AR11+BQ11+CP11+DO11+EN11+FM11+GN11 -> 30 | R11: =AS11+BR11+CQ11+DP11+EO11+FN11+GO11 -> 281 | S11: 5 | T11: 1 | U11: =AT11+BS11+CR11+DQ11+EP11+FQ11+GR11 -> 54 | V11: =AU11+BT11+CS11+DR11+EQ11+FR11+GS11 -> 54 | W11: =AV11+BU11+CT11+DS11+ER11+FS11+GT11 -> 1 | X11: 0.2 | Y11: =AX11+BW11+CV11+DU11+ET11+FU11+GV11 -> 1 | Z11: =AY11+BX11+CW11+DV11+EU11+FV11+GW11 -> 0.045 | AA11: =AZ11+BY11+CX11+DW11+EV11+FW11+GX11 -> 53 | AB11: =AA11/N11 -> 0.031510107 | AC11: 200 | AD11: 15000 | AE11: 0 | AF11: 15000 | AG11: 76 | AH11: 55 | AI11: 502 | AJ11: 372 | AK11: 54 | AL11: 76 | AM11: 275 | AN11: 86 | AO11: 416 | AP11: 36.057692 | AQ11: 65 | AR11: 11 | AS11: 76 | AT11: 15 | AU11: 15 | AV11: 0 | AW11: 0.15 | AX11: 0 | AY11: 0 | AZ11: 15 | BA11: 0.036057692 | BB11: 200 | BC11: 7000 | BD11: 0 | BE11: 7000 | BF11: 50 | BG11: 30 | BH11: 181 | BI11: 110 | BJ11: 28 | BK11: 43 | BL11: 102 | BM11: 45 | BN11: 136 | BO11: 51.470588 | BP11: 24 | BQ11: 3 | BR11: 27 | BS11: 7 | BT11: 7 | BU11: 1 | BV11: 0.15 | BW11: 0 | BX11: 0 | BY11: 7 | BZ11: 0.058823529 | CA11: 230 | CB11: 11500 | CC11: 0 | CD11: 11500 | CE11: 70 | CF11: 60 | CG11: 394 | CH11: 274 | CI11: 35 | CJ11: 85 | CK11: 206 | CL11: 71 | CM11: 313 | CN11: 36.741214 | CO11: 49 | CP11: 3 | CQ11: 52 | CR11: 10 | CS11: 10 | CT11: 0 | CU11: 0.15 | CV11: 0 | CW11: 0 | CX11: 10 | CY11: 0.031948882 | CZ11: 220 | DA11: 9600 | DB11: 0 | DC11: 9600 | DD11: 62 | DE11: 60 | DF11: 316 | DG11: 219 | DH11: 19 | DI11: 78 | DJ11: 170 | DK11: 58 | DL11: 258 | DM11: 37.209302 | DN11: 35 | DO11: 2 | DP11: 37 | DQ11: 5 | DR11: 5 | DS11: 0 | DT11: 0.15 | DU11: 0 | DV11: 0 | DW11: 5 | DX11: 0.019379845 | DY11: 198 | DZ11: 14100 | EA11: 0 | EB11: 14100 | EC11: 68 | ED11: 46 | EE11: 375 | EF11: 257 | EG11: 36 | EH11: 82 | EI11: 207 | EJ11: 97 | EK11: 261 | EL11: 54.022989 | EM11: 41 | EN11: 9 | EO11: 50 | EP11: 10 | EQ11: 10 | ER11: 0 | ES11: 0.15 | ET11: 1 | EU11: 0.045 | EV11: 9 | EW11: 0.034482759 | EX11: 208 | EY11: 11000 | EZ11: 0 | FA11: 11000 | FB11: 61 | FC11: 48 | FD11: 336 | FE11: 247 | FF11: 18 | FG11: 71 | FH11: 186 | FI11: 78 | FJ11: 246 | FK11: 44.715447 | FL11: 33 | FM11: 2 | FN11: 35 | FO11: 15 | FP11: 4 | FQ11: 6 | FR11: 6 | FS11: 0 | FT11: 0.26 | FU11: 0 | FV11: 0 | FW11: 6 | FX11: 0.024390244 | FY11: 200 | FZ11: 3000 | GA11: 0 | GB11: 3000 | GC11: 13 | GD11: 7 | GE11: 66 | GF11: 49 | GG11: 2 | GH11: 15 | GI11: 38 | GJ11: 14 | GK11: 52 | GL11: 57.692308 | GM11: 4 | GN11: 0 | GO11: 4 | GP11: 5 | GQ11: 1 | GR11: 1 | GS11: 1 | GT11: 0 | GU11: 0.2 | GV11: 0 | GW11: 0 | GX11: 1 | GY11: 0.019230769 | GZ11: 200
A12: 8 | B12: 汕头广本 | C12: =AD12+BC12+CB12+DA12+DZ12+EY12+FZ12 -> 32703.45 | D12: =AE12+BD12+CC12+DB12+EA12+EZ12+GA12 -> 31043.26 | E12: =AF12+BE12+CD12+DC12+EB12+FA12+GB12 -> 63746.71 | F12: =AG12+BF12+CE12+DD12+EC12+FB12+GC12 -> 239 | G12: =AH12+BG12+CF12+DE12+ED12+FC12+GD12 -> 302 | H12: =AI12+BH12+CG12+DF12+EE12+FD12+GE12 -> 2377 | I12: =AJ12+BI12+CH12+DG12+EF12+FE12+GF12 -> 740 | J12: =AK12+BJ12+CI12+DH12+EG12+FF12+GG12 -> 1566 | ... N12: =AO12+BN12+CM12+DL12+EK12+FJ12+GK12 -> 1648 | O12: =E12/N12 -> 38.681256 | P12: =AQ12+BP12+CO12+DN12+EM12+FL12+GM12 -> 39 | Q12: =AR12+BQ12+CP12+DO12+EN12+FM12+GN12 -> 101 | R12: =AS12+BR12+CQ12+DP12+EO12+FN12+GO12 -> 140 | S12: 3 | T12: 0 | U12: =AT12+BS12+CR12+DQ12+EP12+FQ12+GR12 -> 47 | V12: =AU12+BT12+CS12+DR12+EQ12+FR12+GS12 -> 12 | W12: =AV12+BU12+CT12+DS12+ER12+FS12+GT12 -> 34 | X12: 0.33 | Y12: =AX12+BW12+CV12+DU12+ET12+FU12+GV12 -> 3 | Z12: =AY12+BX12+CW12+DV12+EU12+FV12+GW12 -> 0.076 | AA12: =AZ12+BY12+CX12+DW12+EV12+FW12+GX12 -> 44 | AB12: =AA12/N12 -> 0.026699029 | CB12: 904.83 | CC12: 5469.44 | CD12: 6374.27 | CE12: 56 | CF12: 91 | CG12: 461 | CH12: 64 | CI12: 391 | CJ12: 7 | CK12: 608 | CL12: 265 | CM12: 188 | CN12: 33.905691 | CO12: 4 | CP12: 37 | CQ12: 41 | CR12: 16 | CS12: 3 | CT12: 13 | CU12: 0.15 | CV12: 2 | CW12: 0.028 | CX12: 14 | CY12: 0.074468085 | CZ12: 189 | DA12: 7632.9 | DB12: 10115.68 | DC12: 17748.58 | DD12: 52 | DE12: 64 | DF12: 497 | DG12: 147 | DH12: 329 | DI12: 21 | DJ12: 548 | DK12: 109 | DL12: 379 | DM12: 46.830026 | DN12: 4 | DO12: 21 | DP12: 25 | DQ12: 9 | DR12: 1 | DS12: 7 | DT12: 0.12 | DU12: 0 | DV12: 0 | DW12: 9 | DX12: 0.023746702 | DY12: 159 | DZ12: 11365.12 | EA12: 8463.25 | EB12: 19828.37 | EC12: 54 | ED12: 50 | EE12: 537 | EF12: 231 | EG12: 304 | EH12: 2 | EI12: 527 | EJ12: 60 | EK12: 495 | EL12: 40.057313 | EM12: 13 | EN12: 13 | EO12: 26 | EP12: 10 | EQ12: 3 | ER12: 7 | ES12: 0.18 | ET12: 0 | EU12: 0 | EV12: 10 | EW12: 0.02020202 | EX12: 152 | EY12: 10611.56 | EZ12: 5279.96 | FA12: 15891.52 | FB12: 57 | FC12: 80 | FD12: 682 | FE12: 247 | FF12: 398 | FG12: 37 | FH12: 627 | FI12: 82 | FJ12: 425 | FK12: 37.391812 | FL12: 15 | FM12: 20 | FN12: 35 | FO12: 54 | FP12: 5 | FQ12: 9 | FR12: 4 | FS12: 5 | FT12: 0.167 | FU12: 1 | FV12: 0.048 | FW12: 8 | FX12: 0.018823529 | FY12: 300 | FZ12: 2189.04 | GA12: 1714.93 | GB12: 3903.97 | GC12: 20 | GD12: 17 | GE12: 200 | GF12: 51 | GG12: 144 | GH12: 5 | GI12: 198 | GJ12: 26 | GK12: 161 | GL12: 24.248261 | GM12: 3 | GN12: 10 | GO12: 13 | GP12: 3 | GQ12: 0 | GR12: 3 | GS12: 1 | GT12: 2 | GU12: 0.33 | GV12: 0 | GW12: 0 | GX12: 3 | GY12: 0.01863354 | GZ12: 203
A13: 9 | B13: 江门大众 | C13: =AD13+BC13+CB13+DA13+DZ13+EY13+FZ13 -> 31485 | D13: =AE13+BD13+CC13+DB13+EA13+EZ13+GA13 -> 106328 | E13: =AF13+BE13+CD13+DC13+EB13+FA13+GB13 -> 145188 | F13: =AG13+BF13+CE13+DD13+EC13+FB13+GC13 -> 159 | G13: =AH13+BG13+CF13+DE13+ED13+FC13+GD13 -> 433 | H13: =AI13+BH13+CG13+DF13+EE13+FD13+GE13 -> 1987 | I13: =AJ13+BI13+CH13+DG13+EF13+FE13+GF13 -> 234 | J13: =AK13+BJ13+CI13+DH13+EG13+FF13+GG13 -> 1282 | ... N13: =AO13+BN13+CM13+DL13+EK13+FJ13+GK13 -> 2387 | O13: =E13/N13 -> 60.824466 | P13: =AQ13+BP13+CO13+DN13+EM13+FL13+GM13 -> 19 | Q13: =AR13+BQ13+CP13+DO13+EN13+FM13+GN13 -> 66 | R13: =AS13+BR13+CQ13+DP13+EO13+FN13+GO13 -> 85 | S13: 4 | T13: 2 | U13: =AT13+BS13+CR13+DQ13+EP13+FQ13+GR13 -> 32 | V13: =AU13+BT13+CS13+DR13+EQ13+FR13+GS13 -> 3 | W13: =AV13+BU13+CT13+DS13+ER13+FS13+GT13 -> 29 | X13: 0.25 | Y13: =AX13+BW13+CV13+DU13+ET13+FU13+GV13 -> 3 | Z13: =AY13+BX13+CW13+DV13+EU13+FV13+GW13 -> 0.184 | AA13: =AZ13+BY13+CX13+DW13+EV13+FW13+GX13 -> 29 | AB13: =AA13/N13 -> 0.012149141 | AD13: 0 | AE13: 20584 | AF13: 20584 | AG13: 30 | AH13: 48 | AI13: 343 | AJ13: 27 | AK13: 207 | AL13: 109 | AM13: 193 | AN13: 27 | AO13: 178 | AP13: 115.64045 | AQ13: 3 | AR13: 14 | AS13: 17 | AT13: 10 | AU13: 0 | AV13: 10 | AW13: 0.1 | AX13: 0 | AY13: 0 | AZ13: 10 | BA13: 0.056179775 | BC13: 0 | BD13: 6200 | BE13: 13575 | BF13: 21 | BG13: 59 | BH13: 351 | BI13: 24 | BJ13: 283 | BK13: 44 | BL13: 248 | BM13: 30 | BN13: 1348 | BO13: 10.070475 | BP13: 2 | BQ13: 7 | BR13: 9 | BS13: 3 | BT13: 0 | BU13: 3 | BV13: 0.25 | BW13: 0 | BX13: 0 | BY13: 3 | BZ13: 0.0014836795 | CB13: 25867 | CC13: 27000 | CD13: 52867 | CE13: 78 | CF13: 101 | CG13: 471 | CH13: 133 | CI13: 265 | CJ13: 73 | CK13: 182 | CL13: 62 | CM13: 346 | CN13: 152.7948 | CO13: 9 | CP13: 13 | CQ13: 22 | CR13: 6 | CS13: 2 | CT13: 4 | CU13: 0.1 | CV13: 1 | CW13: 0.038 | CX13: 5 | CY13: 0.014450867 | DA13: 5618 | DB13: 21993 | DC13: 27611 | DD13: 12 | DE13: 76 | DF13: 324 | DG13: 18 | DH13: 217 | DI13: 89 | DJ13: 147 | DK13: 18 | DL13: 217 | DM13: 127.23963 | DN13: 2 | DO13: 8 | DP13: 10 | DQ13: 2 | DR13: 0 | DS13: 2 | DT13: 0.1 | DU13: 0 | DV13: 0 | DW13: 2 | DX13: 0.0092165899 | DZ13: 0 | EA13: 13811 | EB13: 13811 | EC13: 18 | ED13: 58 | EE13: 210 | EF13: 32 | EG13: 109 | EH13: 69 | EI13: 80 | EJ13: 32 | EK13: 109 | EL13: 126.70642 | EM13: 3 | EN13: 12 | EO13: 15 | EP13: 6 | EQ13: 1 | ER13: 5 | ES13: 0.1 | ET13: 1 | EU13: 0.063 | EV13: 5 | EW13: 0.04587156 | EY13: 0 | EZ13: 16740 | FA13: 16740 | FB13: 0 | FC13: 74 | FD13: 230 | FE13: 0 | FF13: 164 | FG13: 66 | FH13: 130 | FI13: 18 | FJ13: 164 | FK13: 102.07317 | FL13: 0 | FM13: 11 | FN13: 11 | FO13: 14 | FP13: 11 | FQ13: 3 | FR13: 0 | FS13: 3 | FT13: 0.214 | FU13: 0 | FV13: 0 | FW13: 3 | FX13: 0.018292683 | FZ13: 0 | GA13: 0 | GB13: 0 | GC13: 0 | GD13: 17 | GE13: 58 | GF13: 0 | GG13: 37 | GH13: 21 | GI13: 23 | GJ13: 12 | GK13: 25 | GL13: 0 | GM13: 0 | GN13: 1 | GO13: 1 | GP13: 4 | GQ13: 2 | GR13: 2 | GS13: 0 | GT13: 2 | GU13: 0.25 | GV13: 1 | GW13: 0.083 | GX13: 1 | GY13: 0.04
A14: 10 | B14: 河源零跑 | C14: =AD14+BC14+CB14+DA14+DZ14+EY14+FZ14 -> 243673.29 | D14: =AE14+BD14+CC14+DB14+EA14+EZ14+GA14 -> 281600.38 | E14: =AF14+BE14+CD14+DC14+EB14+FA14+GB14 -> 525273.67 | F14: =AG14+BF14+CE14+DD14+EC14+FB14+GC14 -> 462 | G14: =AH14+BG14+CF14+DE14+ED14+FC14+GD14 -> 600 | H14: =AI14+BH14+CG14+DF14+EE14+FD14+GE14 -> 6538 | I14: =AJ14+BI14+CH14+DG14+EF14+FE14+GF14 -> 2621 | J14: =AK14+BJ14+CI14+DH14+EG14+FF14+GG14 -> 3506 | ... N14: =AO14+BN14+CM14+DL14+EK14+FJ14+GK14 -> 5930 | O14: =E14/N14 -> 88.579034 | P14: =AQ14+BP14+CO14+DN14+EM14+FL14+GM14 -> 380 | Q14: =AR14+BQ14+CP14+DO14+EN14+FM14+GN14 -> 222 | R14: =AS14+BR14+CQ14+DP14+EO14+FN14+GO14 -> 602 | S14: 50 | T14: 9 | U14: =AT14+BS14+CR14+DQ14+EP14+FQ14+GR14 -> 122 | V14: =AU14+BT14+CS14+DR14+EQ14+FR14+GS14 -> 87 | W14: =AV14+BU14+CT14+DS14+ER14+FS14+GT14 -> 35 | X14: 0.321 | Y14: =AX14+BW14+CV14+DU14+ET14+FU14+GV14 -> 0 | Z14: =AY14+BX14+CW14+DV14+EU14+FV14+GW14 -> 0.2 | AA14: =AZ14+BY14+CX14+DW14+EV14+FW14+GX14 -> 122 | AB14: =AA14/N14 -> 0.020573356 | AC14: 122 | AD14: 30084.76 | AE14: 26868.5 | AF14: 56953.26 | AG14: 70 | AH14: 66 | AI14: 467 | AJ14: 223 | AK14: 242 | AL14: 2 | AM14: 347 | AN14: 61 | AO14: 406 | AP14: 140.27897 | AQ14: 70 | AR14: 29 | AS14: 99 | AT14: 19 | AU14: 15 | AV14: 4 | AW14: 0.1 | AX14: 0 | AY14: 0 | AZ14: 19 | BA14: 0.034482759 | BB14: 82 | BC14: 25735.83 | BD14: 31915.64 | BE14: 57651.47 | BF14: 61 | BG14: 52 | BH14: 671 | BI14: 261 | BJ14: 374 | BK14: 36 | BL14: 523 | BM14: 75 | BN14: 634 | BO14: 90.932918 | BP14: 32 | BQ14: 35 | BR14: 67 | BS14: 5 | BT14: 4 | BU14: 1 | BV14: 0.22 | BW14: 0 | BX14: 0 | BY14: 5 | BZ14: 0.0078864353 | CA14: 96 | CB14: 47225.01 | CC14: 44540.9 | CD14: 91765.91 | CE14: 83 | CF14: 91 | CG14: 1074 | CH14: 498 | CI14: 540 | CJ14: 45 | CK14: 959 | CL14: 120 | CM14: 1005 | CN14: 91.309363 | CO14: 55 | CP14: 36 | CQ14: 91 | CR14: 21 | CS14: 14 | CT14: 7 | CU14: 0.102 | CV14: 0 | CW14: 0 | CX14: 21 | CY14: 0.020895522 | CZ14: 25 | DA14: 48197.81 | DB14: 16723.67 | DC14: 64921.48 | DD14: 75 | DE14: 84 | DF14: 840 | DG14: 603 | DH14: 183 | DI14: 54 | DJ14: 732 | DK14: 59 | DL14: 779 | DM14: 83.339512 | DN14: 80 | DO14: 47 | DP14: 127 | DQ14: 22 | DR14: 18 | DS14: 4 | DT14: 0.169 | DU14: 0 | DV14: 0 | DW14: 22 | DX14: 0.028241335 | DY14: 69 | DZ14: 43550.86 | EA14: 76139.35 | EB14: 119690.21 | EC14: 66 | ED14: 91 | EE14: 1537 | EF14: 479 | EG14: 953 | EH14: 105 | EI14: 1474 | EJ14: 129 | EK14: 1398 | EL14: 85.615315 | EM14: 54 | EN14: 35 | EO14: 89 | EP14: 25 | EQ14: 18 | ER14: 7 | ES14: 0.185 | ET14: 0 | EU14: 0.2 | EV14: 25 | EW14: 0.01788269 | EX14: 12 | EY14: 36624.52 | EZ14: 60099.82 | FA14: 96724.34 | FB14: 71 | FC14: 151 | FD14: 1391 | FE14: 412 | FF14: 855 | FG14: 124 | FH14: 1305 | FI14: 140 | FJ14: 1265 | FK14: 76.461929 | FL14: 61 | FM14: 20 | FN14: 81 | FO14: 102 | FP14: 20 | FQ14: 20 | FR14: 12 | FS14: 8 | FT14: 0.196 | FU14: 0 | FV14: 0 | FW14: 20 | FX14: 0.015810277 | FY14: 20 | FZ14: 12254.5 | GA14: 25312.5 | GB14: 37567 | GC14: 36 | GD14: 65 | GE14: 558 | GF14: 145 | GG14: 359 | GH14: 54 | GI14: 443 | GJ14: 66 | GK14: 443 | GL14: 84.801354 | GM14: 28 | GN14: 20 | GO14: 48 | GP14: 50 | GQ14: 9 | GR14: 10 | GS14: 6 | GT14: 4 | GU14: 0.321 | GV14: 0 | GW14: 0 | GX14: 10 | GY14: 0.022573363 | GZ14: 122
A15: 11 | B15: 汕头零跑 | C15: =AD15+BC15+CB15+DA15+DZ15+EY15+FZ15 -> 193560.67 | D15: =AE15+BD15+CC15+DB15+EA15+EZ15+GA15 -> 288808.13 | E15: =AF15+BE15+CD15+DC15+EB15+FA15+GB15 -> 482368.8 | F15: =AG15+BF15+CE15+DD15+EC15+FB15+GC15 -> 606 | G15: =AH15+BG15+CF15+DE15+ED15+FC15+GD15 -> 668 | H15: =AI15+BH15+CG15+DF15+EE15+FD15+GE15 -> 7545 | I15: =AJ15+BI15+CH15+DG15+EF15+FE15+GF15 -> 3618 | J15: =AK15+BJ15+CI15+DH15+EG15+FF15+GG15 -> 3816 | ... N15: =AO15+BN15+CM15+DL15+EK15+FJ15+GK15 -> 6368 | O15: =E15/N15 -> 75.748869 | P15: =AQ15+BP15+CO15+DN15+EM15+FL15+GM15 -> 325 | Q15: =AR15+BQ15+CP15+DO15+EN15+FM15+GN15 -> 204 | R15: =AS15+BR15+CQ15+DP15+EO15+FN15+GO15 -> 529 | S15: 42 | T15: 11 | U15: =AT15+BS15+CR15+DQ15+EP15+FQ15+GR15 -> 143 | V15: =AU15+BT15+CS15+DR15+EQ15+FR15+GS15 -> 103 | W15: =AV15+BU15+CT15+DS15+ER15+FS15+GT15 -> 40 | X15: 0.25 | Y15: =AX15+BW15+CV15+DU15+ET15+FU15+GV15 -> 6 | Z15: =AY15+BX15+CW15+DV15+EU15+FV15+GW15 -> 0.064 | AA15: =AZ15+BY15+CX15+DW15+EV15+FW15+GX15 -> 137 | AB15: =AA15/N15 -> 0.021513819 | AC15: 38 | AD15: 34422 | AE15: 35152 | AF15: 69574 | AG15: 60 | AH15: 80 | AI15: 593 | AJ15: 314 | AK15: 279 | AL15: 0 | AM15: 505 | AN15: 56 | AO15: 537 | AP15: 129.56052 | AQ15: 38 | AR15: 16 | AS15: 54 | AT15: 12 | AU15: 9 | AV15: 3 | AW15: 0.17 | AX15: 0 | AY15: 0 | AZ15: 12 | BA15: 0.020484171 | BB15: 140 | BC15: 9577.67 | BD15: 20477.13 | BE15: 30054.8 | BF15: 58 | BG15: 88 | BH15: 461 | BI15: 227 | BJ15: 234 | BK15: 0 | BL15: 385 | BM15: 124 | BN15: 337 | BO15: 89.183383 | BP15: 23 | BQ15: 24 | BR15: 47 | BS15: 11 | BT15: 5 | BU15: 6 | BV15: 0.33 | BW15: 0 | BX15: 0 | BY15: 11 | BZ15: 0.03264095 | CA15: 163 | CB15: 25033 | CC15: 45445 | CD15: 70478 | CE15: 89 | CF15: 99 | CG15: 1200 | CH15: 514 | CI15: 686 | CJ15: 0 | CK15: 1080 | CL15: 254 | CM15: 946 | CN15: 74.501057 | CO15: 55 | CP15: 37 | CQ15: 92 | CR15: 24 | CS15: 14 | CT15: 10 | CU15: 0.2 | CV15: 2 | CW15: 0.017 | CX15: 22 | CY15: 0.023255814 | CZ15: 10 | DA15: 36306 | DB15: 23409 | DC15: 59715 | DD15: 120 | DE15: 119 | DF15: 1337 | DG15: 893 | DH15: 432 | DI15: 12 | DJ15: 1185 | DK15: 371 | DL15: 954 | DM15: 62.59434 | DN15: 74 | DO15: 46 | DP15: 120 | DQ15: 35 | DR15: 26 | DS15: 9 | DT15: 0.2 | DU15: 3 | DV15: 0.035 | DW15: 32 | DX15: 0.033542977 | DY15: 39 | DZ15: 33880 | EA15: 78339 | EB15: 112219 | EC15: 111 | ED15: 116 | EE15: 1860 | EF15: 708 | EG15: 1094 | EH15: 58 | EI15: 1740 | EJ15: 187 | EK15: 1676 | EL15: 66.956444 | EM15: 54 | EN15: 38 | EO15: 92 | EP15: 27 | EQ15: 20 | ER15: 7 | ES15: 0.2 | ET15: 1 | EU15: 0.012 | EV15: 26 | EW15: 0.015513126 | EX15: 10 | EY15: 39507 | EZ15: 60516 | FA15: 100023 | FB15: 116 | FC15: 106 | FD15: 1548 | FE15: 734 | FF15: 786 | FG15: 28 | FH15: 1433 | FI15: 176 | FJ15: 1393 | FK15: 71.80402 | FL15: 56 | FM15: 35 | FN15: 91 | FO15: 111 | FP15: 26 | FQ15: 23 | FR15: 19 | FS15: 4 | FT15: 0.21 | FU15: 0 | FV15: 0 | FW15: 23 | FX15: 0.016511127 | FY15: 15 | FZ15: 14835 | GA15: 25470 | GB15: 40305 | GC15: 52 | GD15: 60 | GE15: 546 | GF15: 228 | GG15: 305 | GH15: 13 | GI15: 501 | GJ15: 16 | GK15: 525 | GL15: 76.771429 | GM15: 25 | GN15: 8 | GO15: 33 | GP15: 42 | GQ15: 11 | GR15: 11 | GS15: 10 | GT15: 1 | GU15: 0.25 | GV15: 0 | GW15: 0 | GX15: 11 | GY15: 0.020952381 | GZ15: 38
A16: 12 | B16: 清远港鸿 | C16: =AD16+BC16+CB16+DA16+DZ16+EY16+FZ16 -> 101387.76 | D16: =AE16+BD16+CC16+DB16+EA16+EZ16+GA16 -> 218048.59 | E16: =AF16+BE16+CD16+DC16+EB16+FA16+GB16 -> 309917.65 | F16: =AG16+BF16+CE16+DD16+EC16+FB16+GC16 -> 494 | G16: =AH16+BG16+CF16+DE16+ED16+FC16+GD16 -> 707 | H16: =AI16+BH16+CG16+DF16+EE16+FD16+GE16 -> 2655 | I16: =AJ16+BI16+CH16+DG16+EF16+FE16+GF16 -> 791 | J16: =AK16+BJ16+CI16+DH16+EG16+FF16+GG16 -> 1390 | ... N16: =AO16+BN16+CM16+DL16+EK16+FJ16+GK16 -> 2120 | O16: =E16/N16 -> 146.18757 | P16: =AQ16+BP16+CO16+DN16+EM16+FL16+GM16 -> 116 | Q16: =AR16+BQ16+CP16+DO16+EN16+FM16+GN16 -> 105 | R16: =AS16+BR16+CQ16+DP16+EO16+FN16+GO16 -> 221 | S16: 20 | T16: 2 | U16: =AT16+BS16+CR16+DQ16+EP16+FQ16+GR16 -> 44 | V16: =AU16+BT16+CS16+DR16+EQ16+FR16+GS16 -> 25 | W16: =AV16+BU16+CT16+DS16+ER16+FS16+GT16 -> 19 | X16: 0.1 | Y16: =AX16+BW16+CV16+DU16+ET16+FU16+GV16 -> 3 | Z16: =AY16+BX16+CW16+DV16+EU16+FV16+GW16 -> 0.147 | AA16: =AZ16+BY16+CX16+DW16+EV16+FW16+GX16 -> 41 | AB16: =AA16/N16 -> 0.019339623 | AC16: 572 | AD16: 20079 | AE16: 40463.31 | AF16: 60542.31 | AG16: 74 | AH16: 59 | AI16: 319 | AJ16: 126 | AK16: 168 | AL16: 25 | AM16: 341 | AN16: 50 | AO16: 269 | AP16: 225.06435 | AQ16: 34 | AR16: 20 | AS16: 54 | AT16: 11 | AU16: 6 | AV16: 5 | AW16: 0.26 | AX16: 0 | AY16: 0 | AZ16: 11 | BA16: 0.040892193 | BB16: 145 | BC16: 11168.45 | BD16: 27113.98 | BE16: 38282.43 | BF16: 56 | BG16: 54 | BH16: 282 | BI16: 61 | BJ16: 210 | BK16: 11 | BL16: 319 | BM16: 35 | BN16: 247 | BO16: 154.9896 | BP16: 7 | BQ16: 4 | BR16: 11 | BS16: 4 | BT16: 3 | BU16: 1 | BV16: 0.25 | BW16: 0 | BX16: 0 | BY16: 4 | BZ16: 0.016194332 | CA16: 350 | CB16: 14593.79 | CC16: 30106.91 | CD16: 35182 | CE16: 66 | CF16: 110 | CG16: 338 | CH16: 154 | CI16: 240 | CJ16: 24 | CK16: 220 | CL16: 30 | CM16: 245 | CN16: 143.6 | CO16: 22 | CP16: 17 | CQ16: 39 | CR16: 13 | CS16: 8 | CT16: 5 | CU16: 0.13 | CV16: 2 | CW16: 0.105 | CX16: 11 | CY16: 0.044897959 | CZ16: 512 | DA16: 28210.01 | DB16: 56684.65 | DC16: 84894.66 | DD16: 111 | DE16: 136 | DF16: 365 | DG16: 124 | DH16: 188 | DI16: 53 | DJ16: 646 | DK16: 51 | DL16: 626 | DM16: 135.61447 | DN16: 22 | DO16: 20 | DP16: 42 | DQ16: 5 | DR16: 3 | DS16: 2 | DT16: 0.062 | DU16: 0 | DV16: 0 | DW16: 5 | DX16: 0.0079872204 | DY16: 368 | DZ16: 12641.27 | EA16: 26787.28 | EB16: 39428.55 | EC16: 89 | ED16: 118 | EE16: 569 | EF16: 128 | EG16: 280 | EH16: 161 | EI16: 290 | EJ16: 110 | EK16: 335 | EL16: 117.69716 | EM16: 13 | EN16: 14 | EO16: 27 | EP16: 5 | EQ16: 3 | ER16: 2 | ES16: 0.0884 | ET16: 0 | EU16: 0 | EV16: 5 | EW16: 0.014925373 | EX16: 433 | EY16: 10195.2 | EZ16: 29323.8 | FA16: 39519 | FB16: 71 | FC16: 187 | FD16: 555 | FE16: 169 | FF16: 235 | FG16: 151 | FH16: 216 | FI16: 96 | FJ16: 309 | FK16: 127.8932 | FL16: 17 | FM16: 25 | FN16: 42 | FO16: 48 | FP16: 5 | FQ16: 4 | FR16: 2 | FS16: 2 | FT16: 0.096 | FU16: 0 | FV16: 0 | FW16: 4 | FX16: 0.012944984 | FY16: 439 | FZ16: 4500.04 | GA16: 7568.66 | GB16: 12068.7 | GC16: 27 | GD16: 43 | GE16: 227 | GF16: 29 | GG16: 69 | GH16: 129 | GI16: 91 | GJ16: 38 | GK16: 89 | GL16: 135.60337 | GM16: 1 | GN16: 5 | GO16: 6 | GP16: 20 | GQ16: 2 | GR16: 2 | GS16: 0 | GT16: 2 | GU16: 0.1 | GV16: 1 | GW16: 0.042 | GX16: 1 | GY16: 0.011235955 | GZ16: 572
A17: 13 | B17: 从化零跑 | C17: =AD17+BC17+CB17+DA17+DZ17+EY17+FZ17 -> 105830.25 | D17: =AE17+BD17+CC17+DB17+EA17+EZ17+GA17 -> 99526.22 | E17: =AF17+BE17+CD17+DC17+EB17+FA17+GB17 -> 205356.47 | F17: =AG17+BF17+CE17+DD17+EC17+FB17+GC17 -> 313 | G17: =AH17+BG17+CF17+DE17+ED17+FC17+GD17 -> 790 | H17: =AI17+BH17+CG17+DF17+EE17+FD17+GE17 -> 3253 | I17: =AJ17+BI17+CH17+DG17+EF17+FE17+GF17 -> 1876 | J17: =AK17+BJ17+CI17+DH17+EG17+FF17+GG17 -> 1227 | ... N17: =AO17+BN17+CM17+DL17+EK17+FJ17+GK17 -> 3106 | O17: =E17/N17 -> 66.116056 | P17: =AQ17+BP17+CO17+DN17+EM17+FL17+GM17 -> 62 | Q17: =AR17+BQ17+CP17+DO17+EN17+FM17+GN17 -> 10 | R17: =AS17+BR17+CQ17+DP17+EO17+FN17+GO17 -> 72 | S17: 1 | T17: 7 | U17: =AT17+BS17+CR17+DQ17+EP17+FQ17+GR17 -> 28 | V17: =AU17+BT17+CS17+DR17+EQ17+FR17+GS17 -> 28 | W17: =AV17+BU17+CT17+DS17+ER17+FS17+GT17 -> 0 | X17: 0.1 | Y17: =AX17+BW17+CV17+DU17+ET17+FU17+GV17 -> 0 | Z17: =AY17+BX17+CW17+DV17+EU17+FV17+GW17 -> 0 | AA17: =AZ17+BY17+CX17+DW17+EV17+FW17+GX17 -> 28 | AB17: =AA17/N17 -> 0.00901481 | AD17: 24033.65 | AE17: 10081.54 | AF17: 34115.19 | AG17: 52 | AH17: 143 | AI17: 539 | AJ17: 402 | AK17: 100 | AL17: 37 | AM17: 491 | AN17: 0 | AO17: 511 | AP17: 66.761624 | AQ17: 1 | AR17: 0 | AS17: 1 | AT17: 4 | AU17: 4 | AV17: 0 | AW17: 0.22 | AX17: 0 | AY17: 0 | AZ17: 4 | BA17: 0.0078277886 | BB17: 517 | BC17: 8015.6 | BD17: 7805.88 | BE17: 15821.48 | BF17: 46 | BG17: 112 | BH17: 525 | BI17: 411 | BJ17: 100 | BK17: 14 | BL17: 520 | BM17: 20 | BN17: 505 | BO17: 31.329663 | BP17: 4 | BQ17: 0 | BR17: 4 | BS17: 2 | BT17: 2 | BU17: 0 | BV17: 0.18 | BW17: 0 | BX17: 0 | BY17: 2 | BZ17: 0.003960396 | CA17: 576 | CB17: 19993.07 | CC17: 7182.71 | CD17: 27175.78 | CE17: 44 | CF17: 163 | CG17: 331 | CH17: 194 | CI17: 126 | CJ17: 11 | CK17: 321 | CL17: 2 | CM17: 318 | CN17: 85.458428 | CO17: 11 | CP17: 0 | CQ17: 11 | CR17: 4 | CS17: 4 | CT17: 0 | CU17: 0.29 | CV17: 0 | CW17: 0 | CX17: 4 | CY17: 0.012578616 | CZ17: 443 | DA17: 21578.63 | DB17: 16414.82 | DC17: 37993.45 | DD17: 58 | DE17: 96 | DF17: 719 | DG17: 560 | DH17: 149 | DI17: 10 | DJ17: 713 | DK17: 4 | DL17: 713 | DM17: 53.286746 | DN17: 23 | DO17: 2 | DP17: 25 | DQ17: 11 | DR17: 11 | DS17: 0 | DT17: 0.15 | DU17: 0 | DV17: 0 | DW17: 11 | DX17: 0.01542777 | DY17: 373 | DZ17: 21349.52 | EA17: 10192.07 | EB17: 31541.59 | EC17: 52 | ED17: 142 | EE17: 431 | EF17: 222 | EG17: 178 | EH17: 31 | EI17: 423 | EJ17: 18 | EK17: 410 | EL17: 76.930707 | EM17: 16 | EN17: 3 | EO17: 19 | EP17: 4 | EQ17: 4 | ER17: 0 | ES17: 0.27 | ET17: 0 | EU17: 0 | EV17: 4 | EW17: 0.0097560976 | EX17: 416 | EY17: 8264.17 | EZ17: 31735.8 | FA17: 39999.97 | FB17: 42 | FC17: 103 | FD17: 533 | FE17: 59 | FF17: 429 | FG17: 45 | FH17: 413 | FI17: 48 | FJ17: 485 | FK17: 82.474165 | FL17: 5 | FM17: 4 | FN17: 9 | FO17: 14 | FP17: 3 | FQ17: 2 | FR17: 2 | FS17: 0 | FT17: 0.143 | FU17: 0 | FV17: 0 | FW17: 2 | FX17: 0.0041237113 | FY17: 416 | FZ17: 2595.61 | GA17: 16113.4 | GB17: 18709.01 | GC17: 19 | GD17: 31 | GE17: 175 | GF17: 28 | GG17: 145 | GH17: 2 | GI17: 125 | GJ17: 14 | GK17: 164 | GL17: 114.07933 | GM17: 2 | GN17: 1 | GO17: 3 | GP17: 1 | GQ17: 7 | GR17: 1 | GS17: 1 | GT17: 0 | GU17: 0.1 | GV17: 0 | GW17: 0 | GX17: 1 | GY17: 0.006097561
A18: 14 | B18: 清远奇晟 | C18: =AD18+BC18+CB18+DA18+DZ18+EY18+FZ18 -> 74553.97 | D18: =AE18+BD18+CC18+DB18+EA18+EZ18+GA18 -> 85130.45 | E18: =AF18+BE18+CD18+DC18+EB18+FA18+GB18 -> 159684.42 | F18: =AG18+BF18+CE18+DD18+EC18+FB18+GC18 -> 446 | G18: =AH18+BG18+CF18+DE18+ED18+FC18+GD18 -> 711 | H18: =AI18+BH18+CG18+DF18+EE18+FD18+GE18 -> 1998 | I18: =AJ18+BI18+CH18+DG18+EF18+FE18+GF18 -> 659 | J18: =AK18+BJ18+CI18+DH18+EG18+FF18+GG18 -> 891 | ... N18: =AO18+BN18+CM18+DL18+EK18+FJ18+GK18 -> 1405 | O18: =E18/N18 -> 113.65439 | P18: =AQ18+BP18+CO18+DN18+EM18+FL18+GM18 -> 66 | Q18: =AR18+BQ18+CP18+DO18+EN18+FM18+GN18 -> 62 | R18: =AS18+BR18+CQ18+DP18+EO18+FN18+GO18 -> 128 | S18: 15 | T18: 0 | U18: =AT18+BS18+CR18+DQ18+EP18+FQ18+GR18 -> 28 | V18: =AU18+BT18+CS18+DR18+EQ18+FR18+GS18 -> 12 | W18: =AV18+BU18+CT18+DS18+ER18+FS18+GT18 -> 16 | X18: 0 | Y18: =AX18+BW18+CV18+DU18+ET18+FU18+GV18 -> 0 | Z18: =AY18+BX18+CW18+DV18+EU18+FV18+GW18 -> 0 | AA18: =AZ18+BY18+CX18+DW18+EV18+FW18+GX18 -> 28 | AB18: =AA18/N18 -> 0.019928826 | AC18: 592 | AD18: 20491 | AE18: 15364 | AF18: 35855 | AG18: 76 | AH18: 72 | AI18: 260 | AJ18: 109 | AK18: 130 | AL18: 21 | AM18: 225 | AN18: 25 | AO18: 233 | AP18: 153.88412 | AQ18: 11 | AR18: 11 | AS18: 22 | AT18: 6 | AU18: 2 | AV18: 4 | AW18: 0.1 | AX18: 0 | AY18: 0 | AZ18: 6 | BA18: 0.025751073 | BB18: 402 | BC18: 7473.12 | BD18: 12064.23 | BE18: 19537.35 | BF18: 61 | BG18: 83 | BH18: 212 | BI18: 67 | BJ18: 141 | BK18: 4 | BL18: 207 | BM18: 16 | BN18: 186 | BO18: 105.03952 | BP18: 3 | BQ18: 3 | BR18: 6 | BS18: 3 | BT18: 1 | BU18: 2 | BW18: 0 | BX18: 0 | BY18: 3 | BZ18: 0.016129032 | CA18: 402 | CB18: 10552.45 | CC18: 10803.34 | CD18: 21355.79 | CE18: 63 | CF18: 91 | CG18: 225 | CH18: 103 | CI18: 116 | CJ18: 5 | CK18: 179 | CL18: 7 | CM18: 205 | CN18: 104.17459 | CO18: 6 | CP18: 5 | CQ18: 11 | CR18: 5 | CS18: 3 | CT18: 2 | CU18: 0.11 | CV18: 0 | CW18: 0 | CX18: 5 | CY18: 0.024390244 | CZ18: 522 | DA18: 10922.67 | DB18: 15314.3 | DC18: 26236.97 | DD18: 69 | DE18: 103 | DF18: 220 | DG18: 134 | DH18: 54 | DI18: 32 | DJ18: 328 | DK18: 5 | DL18: 265 | DM18: 99.007434 | DN18: 20 | DO18: 9 | DP18: 29 | DQ18: 3 | DR18: 2 | DS18: 1 | DT18: 0.067 | DU18: 0 | DV18: 0 | DW18: 3 | DX18: 0.011320755 | DY18: 621 | DZ18: 9786.12 | EA18: 10608.42 | EB18: 20394.54 | EC18: 57 | ED18: 147 | EE18: 380 | EF18: 79 | EG18: 157 | EH18: 166 | EI18: 145 | EJ18: 75 | EK18: 173 | EL18: 117.88751 | EM18: 8 | EN18: 14 | EO18: 22 | EP18: 4 | EQ18: 2 | ER18: 2 | ES18: 0.0727 | ET18: 0 | EU18: 0 | EV18: 4 | EW18: 0.023121387 | EX18: 648 | EY18: 10326.23 | EZ18: 19776.16 | FA18: 30102.39 | FB18: 84 | FC18: 160 | FD18: 498 | FE18: 115 | FF18: 233 | FG18: 150 | FH18: 216 | FI18: 60 | FJ18: 290 | FK18: 103.80134 | FL18: 16 | FM18: 17 | FN18: 33 | FO18: 38 | FP18: 4 | FQ18: 7 | FR18: 2 | FS18: 5 | FT18: 0.087 | FU18: 0 | FV18: 0 | FW18: 7 | FX18: 0.024137931 | FY18: 525 | FZ18: 5002.38 | GA18: 1200 | GB18: 6202.38 | GC18: 36 | GD18: 55 | GE18: 203 | GF18: 52 | GG18: 60 | GH18: 91 | GI18: 56 | GJ18: 24 | GK18: 53 | GL18: 117.02604 | GM18: 2 | GN18: 3 | GO18: 5 | GP18: 15 | GQ18: 0 | GR18: 0 | GS18: 0 | GT18: 0 | GU18: 0 | GV18: 0 | GW18: 0 | GX18: 0 | GY18: 0 | GZ18: 592
A19: 15 | B19: 清远英德 | C19: =AD19+BC19+CB19+DA19+DZ19+EY19+FZ19 -> 0 | D19: =AE19+BD19+CC19+DB19+EA19+EZ19+GA19 -> 0 | E19: =AF19+BE19+CD19+DC19+EB19+FA19+GB19 -> 0 | F19: =AG19+BF19+CE19+DD19+EC19+FB19+GC19 -> 377 | G19: =AH19+BG19+CF19+DE19+ED19+FC19+GD19 -> 435 | H19: =AI19+BH19+CG19+DF19+EE19+FD19+GE19 -> 249 | I19: =AJ19+BI19+CH19+DG19+EF19+FE19+GF19 -> 149 | J19: =AK19+BJ19+CI19+DH19+EG19+FF19+GG19 -> 112 | ... N19: =AO19+BN19+CM19+DL19+EK19+FJ19+GK19 -> 0 | O19: 0 | P19: =AQ19+BP19+CO19+DN19+EM19+FL19+GM19 -> 33 | Q19: =AR19+BQ19+CP19+DO19+EN19+FM19+GN19 -> 22 | R19: =AS19+BR19+CQ19+DP19+EO19+FN19+GO19 -> 54 | S19: 0 | T19: 0 | U19: =AT19+BS19+CR19+DQ19+EP19+FQ19+GR19 -> 0 | V19: =AU19+BT19+CS19+DR19+EQ19+FR19+GS19 -> 0 | W19: =AV19+BU19+CT19+DS19+ER19+FS19+GT19 -> 0 | X19: 0 | Y19: =AX19+BW19+CV19+DU19+ET19+FU19+GV19 -> 0 | Z19: =AY19+BX19+CW19+DV19+EU19+FV19+GW19 -> 0 | AA19: =AZ19+BY19+CX19+DW19+EV19+FW19+GX19 -> 0 | AB19: 0 | AD19: 0 | AE19: 0 | AF19: 0 | AG19: 92 | AH19: 75 | AI19: 19 | AJ19: 9 | AK19: 10 | AL19: 0 | AM19: 20 | AN19: 7 | AO19: 0 | AP19: 0 | AQ19: 4 | AR19: 3 | AS19: 7 | AT19: 0 | AU19: 0 | AV19: 0 | AW19: 0 | AX19: 0 | AY19: 0 | AZ19: 0 | BA19: 0 | BB19: 762 | BC19: 0 | BD19: 0 | BE19: 0 | BF19: 42 | BG19: 30 | BH19: 2 | BI19: 2 | BJ19: 0 | BK19: 0 | BL19: 0 | BM19: 2 | BN19: 0 | BO19: 0 | BP19: 1 | BQ19: 0 | BR19: 1 | BS19: 0 | BT19: 0 | BU19: 0 | BV19: 0 | BW19: 0 | BX19: 0 | BY19: 0 | BZ19: 0 | CB19: 0 | CC19: 0 | CD19: 0 | CE19: 50 | CF19: 81 | CG19: 22 | CH19: 19 | CI19: 15 | CJ19: 0 | CK19: 11 | CL19: 27 | CM19: 0 | CN19: 0 | CO19: 3 | CP19: 1 | CQ19: 3 | CR19: 0 | CS19: 0 | CT19: 0 | CU19: 0 | CV19: 0 | CW19: 0 | CX19: 0 | CY19: 0 | CZ19: 774 | DA19: 0 | DB19: 0 | DC19: 0 | DD19: 73 | DE19: 84 | DF19: 74 | DG19: 31 | DH19: 43 | DI19: 0 | DJ19: 15 | DK19: 12 | DL19: 0 | DM19: 0 | DN19: 15 | DO19: 8 | DP19: 23 | DQ19: 0 | DR19: 0 | DS19: 0 | DT19: 0 | DU19: 0 | DV19: 0 | DW19: 0 | DX19: 0 | DZ19: 0 | EA19: 0 | EB19: 0 | EC19: 67 | ED19: 99 | EE19: 84 | EF19: 54 | EG19: 30 | EH19: 0 | EI19: 37 | EJ19: 27 | EK19: 0 | EL19: 0 | EM19: 5 | EN19: 7 | EO19: 12 | EP19: 0 | EQ19: 0 | ER19: 0 | ES19: 0 | ET19: 0 | EU19: 0 | EV19: 0 | EW19: 0 | EX19: 808 | EY19: 0 | EZ19: 0 | FA19: 0 | FB19: 53 | FC19: 66 | FD19: 48 | FE19: 34 | FF19: 14 | FG19: 0 | FH19: 16 | FI19: 16 | FJ19: 0 | FK19: 0 | FL19: 5 | FM19: 3 | FN19: 8 | FO19: 15 | FP19: 1 | FQ19: 0 | FR19: 0 | FS19: 0 | FT19: 0 | FU19: 0 | FV19: 0 | FW19: 0 | FX19: 0 | FY19: 817 | FZ19: 0 | GA19: 0 | GB19: 0 | GC19: 0 | GD19: 0 | GE19: 0 | GF19: 0 | GG19: 0 | GH19: 0 | GI19: 0 | GJ19: 0 | GK19: 0 | GL19: 0 | GM19: 0 | GN19: 0 | GO19: 0 | GP19: 0 | GQ19: 0 | GR19: 0 | GS19: 0 | GT19: 0 | GU19: 0 | GV19: 0 | GW19: 0 | GX19: 0 | GY19: 0
A20: 16 | B20: 广花零跑 | C20: =AD20+BC20+CB20+DA20+DZ20+EY20+FZ20 -> 152117.91 | D20: =AE20+BD20+CC20+DB20+EA20+EZ20+GA20 -> 56100.38 | E20: =AF20+BE20+CD20+DC20+EB20+FA20+GB20 -> 208218.29 | F20: =AG20+BF20+CE20+DD20+EC20+FB20+GC20 -> 416 | G20: =AH20+BG20+CF20+DE20+ED20+FC20+GD20 -> 903 | H20: =AI20+BH20+CG20+DF20+EE20+FD20+GE20 -> 3138 | I20: =AJ20+BI20+CH20+DG20+EF20+FE20+GF20 -> 2402 | J20: =AK20+BJ20+CI20+DH20+EG20+FF20+GG20 -> 594 | ... N20: =AO20+BN20+CM20+DL20+EK20+FJ20+GK20 -> 2938 | O20: =E20/N20 -> 70.870759 | P20: =AQ20+BP20+CO20+DN20+EM20+FL20+GM20 -> 61 | Q20: =AR20+BQ20+CP20+DO20+EN20+FM20+GN20 -> 13 | R20: =AS20+BR20+CQ20+DP20+EO20+FN20+GO20 -> 74 | S20: 8 | T20: 1 | U20: =AT20+BS20+CR20+DQ20+EP20+FQ20+GR20 -> 24 | V20: =AU20+BT20+CS20+DR20+EQ20+FR20+GS20 -> 24 | W20: =AV20+BU20+CT20+DS20+ER20+FS20+GT20 -> 0 | X20: 0.5 | Y20: =AX20+BW20+CV20+DU20+ET20+FU20+GV20 -> 0 | Z20: =AY20+BX20+CW20+DV20+EU20+FV20+GW20 -> 0 | AA20: =AZ20+BY20+CX20+DW20+EV20+FW20+GX20 -> 24 | AB20: =AA20/N20 -> 0.0081688223 | AC20: 290 | AD20: 25632.05 | AE20: 2807.87 | AF20: 28439.92 | AG20: 46 | AH20: 121 | AI20: 550 | AJ20: 524 | AK20: 0 | AL20: 26 | AM20: 523 | AN20: 2 | AO20: 530 | AP20: 53.660226 | AQ20: 0 | AR20: 0 | AS20: 0 | AT20: 0 | AU20: 0 | AV20: 0 | AW20: 0 | AX20: 0 | AY20: 0 | AZ20: 0 | BA20: 0 | BB20: 601 | BC20: 13540.45 | BD20: 6926.41 | BE20: 20466.86 | BF20: 48 | BG20: 156 | BH20: 285 | BI20: 234 | BJ20: 35 | BK20: 16 | BL20: 240 | BM20: 1 | BN20: 251 | BO20: 81.541275 | BP20: 3 | BQ20: 0 | BR20: 3 | BS20: 2 | BT20: 2 | BU20: 0 | BV20: 0.25 | BW20: 0 | BX20: 0 | BY20: 2 | BZ20: 0.0079681275 | CA20: 542 | CB20: 19236.48 | CC20: 9412.12 | CD20: 28648.6 | CE20: 60 | CF20: 241 | CG20: 393 | CH20: 306 | CI20: 79 | CJ20: 8 | CK20: 369 | CL20: 96 | CM20: 382 | CN20: 74.996335 | CO20: 8 | CP20: 0 | CQ20: 8 | CR20: 2 | CS20: 2 | CT20: 0 | CU20: 0.23 | CV20: 0 | CW20: 0 | CX20: 2 | CY20: 0.0052356021 | CZ20: 559 | DA20: 24805.94 | DB20: 6357.26 | DC20: 31163.2 | DD20: 54 | DE20: 83 | DF20: 941 | DG20: 815 | DH20: 118 | DI20: 8 | DJ20: 934 | DK20: 4 | DL20: 919 | DM20: 33.909902 | DN20: 24 | DO20: 4 | DP20: 28 | DQ20: 13 | DR20: 13 | DS20: 0 | DT20: 0.06 | DU20: 0 | DV20: 0 | DW20: 13 | DX20: 0.014145811 | DY20: 419 | DZ20: 31224.79 | EA20: 6594.16 | EB20: 37818.95 | EC20: 97 | ED20: 121 | EE20: 339 | EF20: 252 | EG20: 64 | EH20: 23 | EI20: 332 | EJ20: 13 | EK20: 316 | EL20: 119.68022 | EM20: 15 | EN20: 3 | EO20: 18 | EP20: 0 | EQ20: 0 | ER20: 0 | ES20: 0 | ET20: 0 | EU20: 0 | EV20: 0 | EW20: 0 | EX20: 514 | EY20: 20225.68 | EZ20: 19774.32 | FA20: 40000 | FB20: 80 | FC20: 116 | FD20: 426 | FE20: 141 | FF20: 238 | FG20: 47 | FH20: 426 | FI20: 47 | FJ20: 350 | FK20: 114.28571 | FL20: 5 | FM20: 4 | FN20: 9 | FO20: 17 | FP20: 9 | FQ20: 3 | FR20: 3 | FS20: 0 | FT20: 0.177 | FU20: 0 | FV20: 0 | FW20: 3 | FX20: 0.0085714286 | FY20: 495 | FZ20: 17452.52 | GA20: 4228.24 | GB20: 21680.76 | GC20: 31 | GD20: 65 | GE20: 204 | GF20: 130 | GG20: 60 | GH20: 14 | GI20: 160 | GJ20: 14 | GK20: 190 | GL20: 114.10926 | GM20: 6 | GN20: 2 | GO20: 8 | GP20: 8 | GQ20: 1 | GR20: 4 | GS20: 4 | GT20: 0 | GU20: 0.5 | GV20: 0 | GW20: 0 | GX20: 4 | GY20: 0.021052632 | GZ20: 290
A21: 17 | B21: 花都北站零跑 | C21: =AD21+BC21+CB21+DA21+DZ21+EY21+FZ21 -> 92328.49 | D21: =AE21+BD21+CC21+DB21+EA21+EZ21+GA21 -> 100111.46 | E21: =AF21+BE21+CD21+DC21+EB21+FA21+GB21 -> 192439.95 | F21: =AG21+BF21+CE21+DD21+EC21+FB21+GC21 -> 376 | G21: =AH21+BG21+CF21+DE21+ED21+FC21+GD21 -> 807 | H21: =AI21+BH21+CG21+DF21+EE21+FD21+GE21 -> 1580 | I21: =AJ21+BI21+CH21+DG21+EF21+FE21+GF21 -> 631 | J21: =AK21+BJ21+CI21+DH21+EG21+FF21+GG21 -> 849 | ... N21: =AO21+BN21+CM21+DL21+EK21+FJ21+GK21 -> 1397 | O21: =E21/N21 -> 137.75229 | P21: =AQ21+BP21+CO21+DN21+EM21+FL21+GM21 -> 69 | Q21: =AR21+BQ21+CP21+DO21+EN21+FM21+GN21 -> 32 | R21: =AS21+BR21+CQ21+DP21+EO21+FN21+GO21 -> 93 | S21: 13 | T21: 8 | U21: =AT21+BS21+CR21+DQ21+EP21+FQ21+GR21 -> 25 | V21: =AU21+BT21+CS21+DR21+EQ21+FR21+GS21 -> 16 | W21: =AV21+BU21+CT21+DS21+ER21+FS21+GT21 -> 9 | X21: 0.25 | Y21: =AX21+BW21+CV21+DU21+ET21+FU21+GV21 -> 0 | Z21: =AY21+BX21+CW21+DV21+EU21+FV21+GW21 -> 0 | AA21: =AZ21+BY21+CX21+DW21+EV21+FW21+GX21 -> 25 | AB21: =AA21/N21 -> 0.01789549 | AC21: 535 | AD21: 11459.08 | AE21: 30831.01 | AF21: 42290.09 | AG21: 46 | AH21: 74 | AI21: 188 | AJ21: 68 | AK21: 102 | AL21: 18 | AM21: 161 | AN21: 9 | AO21: 166 | AP21: 254.75958 | AQ21: 1 | AR21: 1 | AS21: 2 | AT21: 1 | AU21: 1 | AV21: 0 | AW21: 0.1 | AX21: 0 | AY21: 0 | AZ21: 1 | BA21: 0.0060240964 | BB21: 720 | BC21: 5500.25 | BD21: 2103.35 | BE21: 7603.6 | BF21: 36 | BG21: 95 | BH21: 84 | BI21: 50 | BJ21: 27 | BK21: 7 | BL21: 72 | BM21: 5 | BN21: 23 | BO21: 330.5913 | BP21: 4 | BQ21: 2 | BR21: 6 | BS21: 0 | BT21: 0 | BU21: 0 | BV21: 0 | BW21: 0 | BX21: 0 | BY21: 0 | BZ21: 0 | CA21: 665 | CB21: 28086.71 | CC21: 9946.53 | CD21: 38033.24 | CE21: 52 | CF21: 146 | CG21: 282 | CH21: 48 | CI21: 220 | CJ21: 14 | CK21: 251 | CL21: 9 | CM21: 267 | CN21: 142.44659 | CO21: 15 | CP21: 6 | CQ21: 21 | CR21: 4 | CS21: 2 | CT21: 2 | CU21: 0.2 | CV21: 0 | CW21: 0 | CX21: 4 | CY21: 0.014981273 | CZ21: 650 | DA21: 13624.48 | DB21: 26401.38 | DC21: 40025.86 | DD21: 73 | DE21: 162 | DF21: 398 | DG21: 110 | DH21: 277 | DI21: 11 | DJ21: 378 | DK21: 9 | DL21: 382 | DM21: 104.77974 | DN21: 18 | DO21: 10 | DP21: 28 | DQ21: 7 | DR21: 4 | DS21: 3 | DT21: 0.043 | DU21: 0 | DV21: 0 | DW21: 7 | DX21: 0.018324607 | DY21: 553 | DZ21: 19408.1 | EA21: 6733.15 | EB21: 26141.25 | EC21: 73 | ED21: 143 | EE21: 263 | EF21: 196 | EG21: 45 | EH21: 22 | EI21: 232 | EJ21: 10 | EK21: 231 | EL21: 113.16558 | EM21: 13 | EN21: 7 | EO21: 12 | EP21: 5 | EQ21: 5 | ER21: 0 | ES21: 0.176 | ET21: 0 | EU21: 0 | EV21: 5 | EW21: 0.021645022 | EX21: 647 | EY21: 10794.64 | EZ21: 16564.81 | FA21: 27359.45 | FB21: 64 | FC21: 132 | FD21: 256 | FE21: 129 | FF21: 114 | FG21: 13 | FH21: 233 | FI21: 13 | FJ21: 238 | FK21: 114.95567 | FL21: 11 | FM21: 3 | FN21: 14 | FO21: 32 | FP21: 11 | FQ21: 6 | FR21: 3 | FS21: 3 | FT21: 0.188 | FU21: 0 | FV21: 0 | FW21: 6 | FX21: 0.025210084 | FY21: 552 | FZ21: 3455.23 | GA21: 7531.23 | GB21: 10986.46 | GC21: 32 | GD21: 55 | GE21: 109 | GF21: 30 | GG21: 64 | GH21: 15 | GI21: 90 | GJ21: 9 | GK21: 90 | GL21: 122.07178 | GM21: 7 | GN21: 3 | GO21: 10 | GP21: 13 | GQ21: 8 | GR21: 2 | GS21: 1 | GT21: 1 | GU21: 0.25 | GV21: 0 | GW21: 0 | GX21: 2 | GY21: 0.022222222 | GZ21: 535
A22: 18 | B22: 清远智己 | C22: =AD22+BC22+CB22+DA22+DZ22+EY22+FZ22 -> 29700.29 | D22: =AE22+BD22+CC22+DB22+EA22+EZ22+GA22 -> 5107.13 | E22: =AF22+BE22+CD22+DC22+EB22+FA22+GB22 -> 34807.42 | F22: =AG22+BF22+CE22+DD22+EC22+FB22+GC22 -> 128 | G22: =AH22+BG22+CF22+DE22+ED22+FC22+GD22 -> 127 | H22: =AI22+BH22+CG22+DF22+EE22+FD22+GE22 -> 541 | I22: =AJ22+BI22+CH22+DG22+EF22+FE22+GF22 -> 92 | J22: =AK22+BJ22+CI22+DH22+EG22+FF22+GG22 -> 32 | ... N22: =AO22+BN22+CM22+DL22+EK22+FJ22+GK22 -> 102 | O22: =E22/N22 -> 341.24922 | P22: =AQ22+BP22+CO22+DN22+EM22+FL22+GM22 -> 5 | Q22: =AR22+BQ22+CP22+DO22+EN22+FM22+GN22 -> 0 | R22: =AS22+BR22+CQ22+DP22+EO22+FN22+GO22 -> 5 | S22: 3 | T22: 1 | U22: =AT22+BS22+CR22+DQ22+EP22+FQ22+GR22 -> 2 | V22: =AU22+BT22+CS22+DR22+EQ22+FR22+GS22 -> 2 | W22: =AV22+BU22+CT22+DS22+ER22+FS22+GT22 -> 0 | X22: 0 | Y22: =AX22+BW22+CV22+DU22+ET22+FU22+GV22 -> 0 | Z22: =AY22+BX22+CW22+DV22+EU22+FV22+GW22 -> 0 | AA22: =AZ22+BY22+CX22+DW22+EV22+FW22+GX22 -> 2 | AB22: =AA22/N22 -> 0.019607843 | AC22: 279 | DZ22: 20438 | EA22: 0 | EB22: 20438 | EC22: 53 | ED22: 53 | EE22: 64 | EF22: 46 | EG22: 18 | EH22: 0 | EI22: 0 | EJ22: 0 | EK22: 24 | EL22: 851.58333 | EM22: 3 | EN22: 0 | EO22: 3 | EP22: 1 | EQ22: 1 | ER22: 0 | ES22: 0.16 | ET22: 0 | EU22: 0 | EV22: 1 | EW22: 0.041666667 | EY22: 8137.58 | EZ22: 3419.05 | FA22: 11556.63 | FB22: 62 | FC22: 48 | FD22: 297 | FE22: 35 | FF22: 9 | FG22: 253 | FH22: 0 | FI22: 6 | FJ22: 62 | FK22: 186.39726 | FL22: 2 | FM22: 0 | FN22: 2 | FO22: 7 | FP22: 0 | FQ22: 1 | FR22: 1 | FS22: 0 | FT22: 0.14 | FU22: 0 | FV22: 0 | FW22: 1 | FX22: 0.016129032 | FZ22: 1124.71 | GA22: 1688.08 | GB22: 2812.79 | GC22: 13 | GD22: 26 | GE22: 180 | GF22: 11 | GG22: 5 | GH22: 164 | GI22: 0 | GJ22: 0 | GK22: 16 | GL22: 175.79937 | GM22: 0 | GN22: 0 | GO22: 0 | GP22: 3 | GQ22: 1 | GR22: 0 | GS22: 0 | GT22: 0 | GU22: 0 | GV22: 0 | GW22: 0 | GX22: 0 | GY22: 0 | GZ22: 279
B23: 合计 | C23: =SUM(C5:C22) -> 2579797 | D23: =SUM(D5:D22) -> 1555385.4 | E23: =SUM(E5:E22) -> 4133038.6 | F23: =SUM(F5:F22) -> 8348 | G23: =SUM(G5:G22) -> 11757 | H23: =SUM(H5:H22) -> 65931 | I23: =SUM(I5:I22) -> 39218 | J23: =SUM(J5:J22) -> 19799 | ... W23: =SUM(W5:W22) -> 204 | X23: =AVERAGE(X5:X22) -> 0.18679444 | Y23: =SUM(Y5:Y22) -> 34 | Z23: =AVERAGE(Z5:Z22) -> 0.12061637 | AA23: =SUM(AA5:AA22) -> 875 | AB23: =AVERAGE(AB5:AB22) -> 0.016878506 | AD23: =SUM(AD5:AD22) -> 442370.85 | AE23: =SUM(AE5:AE22) -> 249713.79 | AF23: =SUM(AF5:AF22) -> 692084.64 | AG23: =SUM(AG5:AG22) -> 1247 | AH23: =SUM(AH5:AH22) -> 1593 | AI23: =SUM(AI5:AI22) -> 10238 | AJ23: =SUM(AJ5:AJ22) -> 6803 | AK23: =SUM(AK5:AK22) -> 2121 | ... AV23: =SUM(AV5:AV22) -> 35 | AW23: =AVERAGE(AW5:AW22) -> 0.12625 | AX23: =SUM(AX5:AX22) -> 1 | AY23: =AVERAGE(AY5:AY22) -> 0.0064153439 | AZ23: =SUM(AZ5:AZ22) -> 144 | BA23: =AVERAGE(BA5:BA22) -> 0.018763346 | BC23: =SUM(BC5:BC22) -> 254854.28 | BD23: =SUM(BD5:BD22) -> 165858.31 | BE23: =SUM(BE5:BE22) -> 428087.59 | BF23: =SUM(BF5:BF22) -> 1037 | BG23: =SUM(BG5:BG22) -> 1635 | BH23: =SUM(BH5:BH22) -> 7195 | BI23: =SUM(BI5:BI22) -> 4422 | BJ23: =SUM(BJ5:BJ22) -> 1979 | ... BU23: =SUM(BU5:BU22) -> 16 | BV23: =AVERAGE(BV5:BV22) -> 0.18933333 | BW23: =SUM(BW5:BW22) -> 5 | BX23: =AVERAGE(BX5:BX22) -> 0.004965572 | BY23: =SUM(BY5:BY22) -> 60 | BZ23: =AVERAGE(BZ5:BZ22) -> 0.012812154 | CB23: =SUM(CB5:CB22) -> 432611.9 | CC23: =SUM(CC5:CC22) -> 263790.12 | CD23: =SUM(CD5:CD22) -> 686883.32 | CE23: =SUM(CE5:CE22) -> 1337 | CF23: =SUM(CF5:CF22) -> 2089 | CG23: =SUM(CG5:CG22) -> 10898 | CH23: =SUM(CH5:CH22) -> 6392 | CI23: =SUM(CI5:CI22) -> 3513 | ... CT23: =SUM(CT5:CT22) -> 45 | CU23: =AVERAGE(CU5:CU22) -> 0.15917647 | CV23: =SUM(CV5:CV22) -> 8 | CW23: =AVERAGE(CW5:CW22) -> 0.012470588 | CX23: =SUM(CX5:CX22) -> 150 | CY23: =AVERAGE(CY5:CY22) -> 0.020432752 | DA23: =SUM(DA5:DA22) -> 429380.8 | DB23: =SUM(DB5:DB22) -> 220047.73 | DC23: =SUM(DC5:DC22) -> 649428.53 | DD23: =SUM(DD5:DD22) -> 1356 | DE23: =SUM(DE5:DE22) -> 1801 | DF23: =SUM(DF5:DF22) -> 10462 | DG23: =SUM(DG5:DG22) -> 7083 | DH23: =SUM(DH5:DH22) -> 2542 | ... DS23: =SUM(DS5:DS22) -> 28 | DT23: =AVERAGE(DT5:DT22) -> 0.098252941 | DU23: =SUM(DU5:DU22) -> 6 | DV23: =AVERAGE(DV5:DV22) -> 0.047294118 | DW23: =SUM(DW5:DW22) -> 153 | DX23: =AVERAGE(DX5:DX22) -> 0.018743325 | DZ23: 473537.27 | EA23: 265346.29 | EB23: 738883.56 | EC23: 1441 | ED23: 1856 | EE23: 11886 | EF23: 6610 | EG23: 4170 | EH23: 1128 | EI23: 9570 | EJ23: 997 | EK23: 9888 | EL23: 74.725279 | EM23: 451 | EN23: 169 | EO23: 612 | EP23: 166 | EQ23: 132 | ER23: 34 | ES23: 0.13450556 | ET23: 7 | EU23: 0.032388889 | EV23: 159 | EW23: 0.018305219 | EY23: 83196.13 | EZ23: 53846 | FA23: 137042.13 | FB23: 321 | FC23: 467 | FD23: 2311 | FE23: 1375 | FF23: 728 | FG23: 208 | FH23: 1907 | FI23: 211 | FJ23: 1866 | FK23: 73.441656 | FL23: 67 | FM23: 25 | FN23: 92 | FO23: =SUM(FO5:FO22) -> 881 | FP23: =SUM(FP5:FP22) -> 217 | FQ23: 27 | FR23: 24 | FS23: 3 | FT23: 0.13527778 | FU23: 2 | FV23: 0.0041111111 | FW23: 25 | FX23: 0.012255653 | FZ23: 167676.93 | GA23: 99537.57 | GB23: 267214.5 | GC23: 525 | GD23: 666 | GE23: 4211 | GF23: 2251 | GG23: 1329 | GH23: 631 | GI23: 3009 | GJ23: 363 | GK23: 3237 | GL23: 82.550046 | GM23: 140 | GN23: 50 | GO23: 190 | GP23: 283 | GQ23: 60 | GR23: 55 | GS23: 44 | GT23: 11 | GU23: 0.18679444 | GV23: 2 | GW23: 0.0069444444 | GX23: 53 | GY23: 0.013837902

Sheet 数据2
C2: 线索
D3: 5.1-5.10 | E3: 5.11-5.17 | F3: 5.18-5.24 | I3: 合计
B4: 5 | C4: 花都广本 | D4: ='总表-数据收集'!AI5 -> 3099 | E4: ='总表-数据收集'!BH5 -> 1529 | F4: ='总表-数据收集'!CG5 -> 1277 | G4: ='总表-数据收集'!DF5 -> 731 | H4: ='总表-数据收集'!EE5 -> 1126 | I4: =SUM(D4:H4) -> 7762
A5: 周趋势 | B5: 6 | C5: 花都建设北零跑 | D5: ='总表-数据收集'!AI6 -> 869 | E5: ='总表-数据收集'!BH6 -> 495 | F5: ='总表-数据收集'!CG6 -> 1446 | G5: ='总表-数据收集'!DF6 -> 1054 | H5: ='总表-数据收集'!EE6 -> 1412 | I5: =SUM(D5:H5) -> 5276
B6: 7 | C6: 白云零跑 | D6: ='总表-数据收集'!AI7 -> 1160 | E6: ='总表-数据收集'!BH7 -> 681 | F6: ='总表-数据收集'!CG7 -> 902 | G6: ='总表-数据收集'!DF7 -> 1112 | H6: ='总表-数据收集'!EE7 -> 1084 | I6: =SUM(D6:H6) -> 4939
B7: 8 | C7: 花都传祺 | D7: ='总表-数据收集'!AI8 -> 579 | E7: ='总表-数据收集'!BH8 -> 302 | F7: ='总表-数据收集'!CG8 -> 870 | G7: ='总表-数据收集'!DF8 -> 557 | H7: ='总表-数据收集'!EE8 -> 682 | I7: =SUM(D7:H7) -> 2990
B8: 9 | C8: 清远极氪 | D8: ='总表-数据收集'!AI9 -> 68 | E8: ='总表-数据收集'!BH9 -> 369 | F8: ='总表-数据收集'!CG9 -> 345 | G8: ='总表-数据收集'!DF9 -> 384 | H8: ='总表-数据收集'!EE9 -> 408 | I8: =SUM(D8:H8) -> 1574
B9: 10 | C9: 清远广本 | D9: ='总表-数据收集'!AI10 -> 683 | E9: ='总表-数据收集'!BH10 -> 765 | F9: ='总表-数据收集'!CG10 -> 867 | G9: ='总表-数据收集'!DF10 -> 593 | H9: ='总表-数据收集'!EE10 -> 525 | I9: =SUM(D9:H9) -> 3433
B10: 11 | C10: 鑫海广本 | D10: ='总表-数据收集'!AI11 -> 502 | E10: ='总表-数据收集'!BH11 -> 181 | F10: ='总表-数据收集'!CG11 -> 394 | G10: ='总表-数据收集'!DF11 -> 316 | H10: ='总表-数据收集'!EE11 -> 375 | I10: =SUM(D10:H10) -> 1768
B11: 12 | C11: 汕头广本 | D11: ='总表-数据收集'!AI12 -> 0 | E11: ='总表-数据收集'!BH12 -> 0 | F11: ='总表-数据收集'!CG12 -> 461 | G11: ='总表-数据收集'!DF12 -> 497 | H11: ='总表-数据收集'!EE12 -> 537 | I11: =SUM(D11:H11) -> 1495
B12: 13 | C12: 江门大众 | D12: ='总表-数据收集'!AI13 -> 343 | E12: ='总表-数据收集'!BH13 -> 351 | F12: ='总表-数据收集'!CG13 -> 471 | G12: ='总表-数据收集'!DF13 -> 324 | H12: ='总表-数据收集'!EE13 -> 210 | I12: =SUM(D12:H12) -> 1699
B13: 14 | C13: 河源零跑 | D13: ='总表-数据收集'!AI14 -> 467 | E13: ='总表-数据收集'!BH14 -> 671 | F13: ='总表-数据收集'!CG14 -> 1074 | G13: ='总表-数据收集'!DF14 -> 840 | H13: ='总表-数据收集'!EE14 -> 1537 | I13: =SUM(D13:H13) -> 4589
B14: 15 | C14: 汕头零跑 | D14: ='总表-数据收集'!AI15 -> 593 | E14: ='总表-数据收集'!BH15 -> 461 | F14: ='总表-数据收集'!CG15 -> 1200 | G14: ='总表-数据收集'!DF15 -> 1337 | H14: ='总表-数据收集'!EE15 -> 1860 | I14: =SUM(D14:H14) -> 5451
B15: 16 | C15: 清远港鸿 | D15: ='总表-数据收集'!AI16 -> 319 | E15: ='总表-数据收集'!BH16 -> 282 | F15: ='总表-数据收集'!CG16 -> 338 | G15: ='总表-数据收集'!DF16 -> 365 | H15: ='总表-数据收集'!EE16 -> 569 | I15: =SUM(D15:H15) -> 1873
A16: 周趋势 | B16: 17 | C16: 从化零跑 | D16: ='总表-数据收集'!AI17 -> 539 | E16: ='总表-数据收集'!BH17 -> 525 | F16: ='总表-数据收集'!CG17 -> 331 | G16: ='总表-数据收集'!DF17 -> 719 | H16: ='总表-数据收集'!EE17 -> 431 | I16: =SUM(D16:H16) -> 2545
B17: 18 | C17: 清远奇晟 | D17: ='总表-数据收集'!AI18 -> 260 | E17: ='总表-数据收集'!BH18 -> 212 | F17: ='总表-数据收集'!CG18 -> 225 | G17: ='总表-数据收集'!DF18 -> 220 | H17: ='总表-数据收集'!EE18 -> 380 | I17: =SUM(D17:H17) -> 1297
B18: 19 | C18: 清远英德 | D18: ='总表-数据收集'!AI19 -> 19 | E18: ='总表-数据收集'!BH19 -> 2 | F18: ='总表-数据收集'!CG19 -> 22 | G18: ='总表-数据收集'!DF19 -> 74 | H18: ='总表-数据收集'!EE19 -> 84 | I18: =SUM(D18:H18) -> 201
B19: 20 | C19: 广花店 | D19: ='总表-数据收集'!AI20 -> 550 | E19: ='总表-数据收集'!BH20 -> 285 | F19: ='总表-数据收集'!CG20 -> 393 | G19: ='总表-数据收集'!DF20 -> 941 | H19: ='总表-数据收集'!EE20 -> 339 | I19: =SUM(D19:H19) -> 2508
B20: 21 | C20: 北站店 | D20: ='总表-数据收集'!AI21 -> 188 | E20: ='总表-数据收集'!BH21 -> 84 | F20: ='总表-数据收集'!CG21 -> 282 | G20: ='总表-数据收集'!DF21 -> 398 | H20: ='总表-数据收集'!EE21 -> 263 | I20: =SUM(D20:H20) -> 1215
B21: 22 | C21: 清远智己 | D21: ='总表-数据收集'!AI22 -> 0 | E21: ='总表-数据收集'!BH22 -> 0 | F21: ='总表-数据收集'!CG22 -> 0 | G21: ='总表-数据收集'!DF22 -> 0 | H21: ='总表-数据收集'!EE22 -> 64 | I21: =SUM(D21:H21) -> 64
D22: =SUM(D4:D21) -> 10238 | E22: =SUM(E4:E21) -> 7195 | F22: =SUM(F4:F21) -> 10898
C23: 到店
D24: 5.1-5.10 | E24: 5.11-5.17 | F24: 5.18-5.24 | I24: 合计
B25: 5 | C25: 花都广本 | D25: ='总表-数据收集'!AS5 -> 77 | E25: ='总表-数据收集'!BR5 -> 22 | F25: ='总表-数据收集'!CQ5 -> 29 | G25: ='总表-数据收集'!DP5 -> 22 | H25: ='总表-数据收集'!EO5 -> 22 | I25: =SUM(D25:H25) -> 172
B26: 6 | C26: 花都建设北零跑 | D26: ='总表-数据收集'!AS6 -> 25 | E26: ='总表-数据收集'!BR6 -> 13 | F26: ='总表-数据收集'!CQ6 -> 26 | G26: ='总表-数据收集'!DP6 -> 51 | H26: ='总表-数据收集'!EO6 -> 44 | I26: =SUM(D26:H26) -> 159
B27: 7 | C27: 白云零跑 | D27: ='总表-数据收集'!AS7 -> 27 | E27: ='总表-数据收集'!BR7 -> 21 | F27: ='总表-数据收集'!CQ7 -> 31 | G27: ='总表-数据收集'!DP7 -> 60 | H27: ='总表-数据收集'!EO7 -> 61 | I27: =SUM(D27:H27) -> 200
B28: 8 | C28: 花都传祺 | D28: ='总表-数据收集'!AS8 -> 22 | E28: ='总表-数据收集'!BR8 -> 8 | F28: ='总表-数据收集'!CQ8 -> 27 | G28: ='总表-数据收集'!DP8 -> 15 | H28: ='总表-数据收集'!EO8 -> 30 | I28: =SUM(D28:H28) -> 102
B29: 9 | C29: 清远极氪 | D29: ='总表-数据收集'!AS9 -> 10 | E29: ='总表-数据收集'!BR9 -> 16 | F29: ='总表-数据收集'!CQ9 -> 18 | G29: ='总表-数据收集'!DP9 -> 25 | H29: ='总表-数据收集'!EO9 -> 33 | I29: =SUM(D29:H29) -> 102
B30: 10 | C30: 清远广本 | D30: ='总表-数据收集'!AS10 -> 41 | E30: ='总表-数据收集'!BR10 -> 29 | F30: ='总表-数据收集'!CQ10 -> 50 | G30: ='总表-数据收集'!DP10 -> 33 | H30: ='总表-数据收集'!EO10 -> 42 | I30: =SUM(D30:H30) -> 195
B31: 11 | C31: 鑫海广本 | D31: ='总表-数据收集'!AS11 -> 76 | E31: ='总表-数据收集'!BR11 -> 27 | F31: ='总表-数据收集'!CQ11 -> 52 | G31: ='总表-数据收集'!DP11 -> 37 | H31: ='总表-数据收集'!EO11 -> 50 | I31: =SUM(D31:H31) -> 242
A32: 周趋势 | B32: 12 | C32: 汕头广本 | D32: ='总表-数据收集'!AS12 -> 0 | E32: ='总表-数据收集'!BR12 -> 0 | F32: ='总表-数据收集'!CQ12 -> 41 | G32: ='总表-数据收集'!DP12 -> 25 | H32: ='总表-数据收集'!EO12 -> 26 | I32: =SUM(D32:H32) -> 92
B33: 13 | C33: 江门大众 | D33: ='总表-数据收集'!AS13 -> 17 | E33: ='总表-数据收集'!BR13 -> 9 | F33: ='总表-数据收集'!CQ13 -> 22 | G33: ='总表-数据收集'!DP13 -> 10 | H33: ='总表-数据收集'!EO13 -> 15 | I33: =SUM(D33:H33) -> 73
B34: 14 | C34: 河源零跑 | D34: ='总表-数据收集'!AS14 -> 99 | E34: ='总表-数据收集'!BR14 -> 67 | F34: ='总表-数据收集'!CQ14 -> 91 | G34: ='总表-数据收集'!DP14 -> 127 | H34: ='总表-数据收集'!EO14 -> 89 | I34: =SUM(D34:H34) -> 473
B35: 15 | C35: 汕头零跑 | D35: ='总表-数据收集'!AS15 -> 54 | E35: ='总表-数据收集'!BR15 -> 47 | F35: ='总表-数据收集'!CQ15 -> 92 | G35: ='总表-数据收集'!DP15 -> 120 | H35: ='总表-数据收集'!EO15 -> 92 | I35: =SUM(D35:H35) -> 405
B36: 16 | C36: 清远港鸿 | D36: ='总表-数据收集'!AS16 -> 54 | E36: ='总表-数据收集'!BR16 -> 11 | F36: ='总表-数据收集'!CQ16 -> 39 | G36: ='总表-数据收集'!DP16 -> 42 | H36: ='总表-数据收集'!EO16 -> 27 | I36: =SUM(D36:H36) -> 173
B37: 17 | C37: 从化零跑 | D37: ='总表-数据收集'!AS17 -> 1 | E37: ='总表-数据收集'!BR17 -> 4 | F37: ='总表-数据收集'!CQ17 -> 11 | G37: ='总表-数据收集'!DP17 -> 25 | H37: ='总表-数据收集'!EO17 -> 19 | I37: =SUM(D37:H37) -> 60
B38: 18 | C38: 清远奇晟 | D38: ='总表-数据收集'!AS18 -> 22 | E38: ='总表-数据收集'!BR18 -> 6 | F38: ='总表-数据收集'!CQ18 -> 11 | G38: ='总表-数据收集'!DP18 -> 29 | H38: ='总表-数据收集'!EO18 -> 22 | I38: =SUM(D38:H38) -> 90
B39: 19 | C39: 清远英德 | D39: ='总表-数据收集'!AS19 -> 7 | E39: ='总表-数据收集'!BR19 -> 1 | F39: ='总表-数据收集'!CQ19 -> 3 | G39: ='总表-数据收集'!DP19 -> 23 | H39: ='总表-数据收集'!EO19 -> 12 | I39: =SUM(D39:H39) -> 46
B40: 20 | C40: 广花店 | D40: ='总表-数据收集'!AS20 -> 0 | E40: ='总表-数据收集'!BR20 -> 3 | F40: ='总表-数据收集'!CQ20 -> 8 | G40: ='总表-数据收集'!DP20 -> 28 | H40: ='总表-数据收集'!EO20 -> 18 | I40: =SUM(D40:H40) -> 57
B41: 21 | C41: 北站店 | D41: ='总表-数据收集'!AS21 -> 2 | E41: ='总表-数据收集'!BR21 -> 6 | F41: ='总表-数据收集'!CQ21 -> 21 | G41: ='总表-数据收集'!DP21 -> 28 | H41: ='总表-数据收集'!EO21 -> 12 | I41: =SUM(D41:H41) -> 69
B42: 22 | C42: 清远智己 | D42: ='总表-数据收集'!AS22 -> 0 | E42: ='总表-数据收集'!BR22 -> 0 | F42: ='总表-数据收集'!CQ22 -> 0 | G42: ='总表-数据收集'!DP22 -> 0 | H42: ='总表-数据收集'!EO22 -> 3 | I42: =SUM(D42:H42) -> 3
D43: =SUM(D25:D42) -> 534 | E43: =SUM(E25:E42) -> 290 | F43: =SUM(F25:F42) -> 572
C44: 订单 | D44: 5.1-5.10 | E44: 5.11-5.17 | F44: 5.18-5.24 | I44: 合计
B45: 5 | C45: 花都广本 | D45: ='总表-数据收集'!AT5 -> 36 | E45: ='总表-数据收集'!BS5 -> 4 | F45: ='总表-数据收集'!CR5 -> 9 | G45: ='总表-数据收集'!DQ5 -> 7 | H45: ='总表-数据收集'!EP5 -> 10 | I45: =SUM(D45:H45) -> 66
B46: 6 | C46: 花都建设北零跑 | D46: ='总表-数据收集'!AT6 -> 6 | E46: ='总表-数据收集'!BS6 -> 3 | F46: ='总表-数据收集'!CR6 -> 9 | G46: ='总表-数据收集'!DQ6 -> 12 | H46: ='总表-数据收集'!EP6 -> 18 | I46: =SUM(D46:H46) -> 48
B47: 7 | C47: 白云零跑 | D47: ='总表-数据收集'!AT7 -> 6 | E47: ='总表-数据收集'!BS7 -> 13 | F47: ='总表-数据收集'!CR7 -> 17 | G47: ='总表-数据收集'!DQ7 -> 16 | H47: ='总表-数据收集'!EP7 -> 20 | I47: =SUM(D47:H47) -> 72
A48: 周趋势 | B48: 8 | C48: 花都传祺 | D48: ='总表-数据收集'!AT8 -> 7 | E48: ='总表-数据收集'!BS8 -> 3 | F48: ='总表-数据收集'!CR8 -> 7 | G48: ='总表-数据收集'!DQ8 -> 3 | H48: ='总表-数据收集'!EP8 -> 8 | I48: =SUM(D48:H48) -> 28
B49: 9 | C49: 清远极氪 | D49: ='总表-数据收集'!AT9 -> 1 | E49: ='总表-数据收集'!BS9 -> 0 | F49: ='总表-数据收集'!CR9 -> 2 | G49: ='总表-数据收集'!DQ9 -> 2 | H49: ='总表-数据收集'!EP9 -> 6 | I49: =SUM(D49:H49) -> 11
B50: 10 | C50: 清远广本 | D50: ='总表-数据收集'!AT10 -> 11 | E50: ='总表-数据收集'!BS10 -> 5 | F50: ='总表-数据收集'!CR10 -> 9 | G50: ='总表-数据收集'!DQ10 -> 7 | H50: ='总表-数据收集'!EP10 -> 10 | I50: =SUM(D50:H50) -> 42
B51: 11 | C51: 鑫海广本 | D51: ='总表-数据收集'!AT11 -> 15 | E51: ='总表-数据收集'!BS11 -> 7 | F51: ='总表-数据收集'!CR11 -> 10 | G51: ='总表-数据收集'!DQ11 -> 5 | H51: ='总表-数据收集'!EP11 -> 10 | I51: =SUM(D51:H51) -> 47
B52: 12 | C52: 汕头广本 | D52: ='总表-数据收集'!AT12 -> 0 | E52: ='总表-数据收集'!BS12 -> 0 | F52: ='总表-数据收集'!CR12 -> 16 | G52: ='总表-数据收集'!DQ12 -> 9 | H52: ='总表-数据收集'!EP12 -> 10 | I52: =SUM(D52:H52) -> 35
B53: 13 | C53: 江门大众 | D53: ='总表-数据收集'!AT13 -> 10 | E53: ='总表-数据收集'!BS13 -> 3 | F53: ='总表-数据收集'!CR13 -> 6 | G53: ='总表-数据收集'!DQ13 -> 2 | H53: ='总表-数据收集'!EP13 -> 6 | I53: =SUM(D53:H53) -> 27
B54: 14 | C54: 河源零跑 | D54: ='总表-数据收集'!AT14 -> 19 | E54: ='总表-数据收集'!BS14 -> 5 | F54: ='总表-数据收集'!CR14 -> 21 | G54: ='总表-数据收集'!DQ14 -> 22 | H54: ='总表-数据收集'!EP14 -> 25 | I54: =SUM(D54:H54) -> 92
B55: 15 | C55: 汕头零跑 | D55: ='总表-数据收集'!AT15 -> 12 | E55: ='总表-数据收集'!BS15 -> 11 | F55: ='总表-数据收集'!CR15 -> 24 | G55: ='总表-数据收集'!DQ15 -> 35 | H55: ='总表-数据收集'!EP15 -> 27 | I55: =SUM(D55:H55) -> 109
B56: 16 | C56: 清远港鸿 | D56: ='总表-数据收集'!AT16 -> 11 | E56: ='总表-数据收集'!BS16 -> 4 | F56: ='总表-数据收集'!CR16 -> 13 | G56: ='总表-数据收集'!DQ16 -> 5 | H56: ='总表-数据收集'!EP16 -> 5 | I56: =SUM(D56:H56) -> 38
B57: 17 | C57: 从化零跑 | D57: ='总表-数据收集'!AT17 -> 4 | E57: ='总表-数据收集'!BS17 -> 2 | F57: ='总表-数据收集'!CR17 -> 4 | G57: ='总表-数据收集'!DQ17 -> 11 | H57: ='总表-数据收集'!EP17 -> 4 | I57: =SUM(D57:H57) -> 25
A58: 周趋势 | B58: 18 | C58: 清远奇晟 | D58: ='总表-数据收集'!AT18 -> 6 | E58: ='总表-数据收集'!BS18 -> 3 | F58: ='总表-数据收集'!CR18 -> 5 | G58: ='总表-数据收集'!DQ18 -> 3 | H58: ='总表-数据收集'!EP18 -> 4 | I58: =SUM(D58:H58) -> 21
B59: 19 | C59: 清远英德 | D59: ='总表-数据收集'!AT19 -> 0 | E59: ='总表-数据收集'!BS19 -> 0 | F59: ='总表-数据收集'!CR19 -> 0 | G59: ='总表-数据收集'!DQ19 -> 0 | H59: ='总表-数据收集'!EP19 -> 0 | I59: =SUM(D59:H59) -> 0
B60: 20 | C60: 广花店 | D60: ='总表-数据收集'!AT20 -> 0 | E60: ='总表-数据收集'!BS20 -> 2 | F60: ='总表-数据收集'!CR20 -> 2 | G60: ='总表-数据收集'!DQ20 -> 13 | H60: ='总表-数据收集'!EP20 -> 0 | I60: =SUM(D60:H60) -> 17
B61: 21 | C61: 北站店 | D61: ='总表-数据收集'!AT21 -> 1 | E61: ='总表-数据收集'!BS21 -> 0 | F61: ='总表-数据收集'!CR21 -> 4 | G61: ='总表-数据收集'!DQ21 -> 7 | H61: ='总表-数据收集'!EP21 -> 5 | I61: =SUM(D61:H61) -> 17
B62: 22 | C62: 清远智己 | D62: ='总表-数据收集'!AT22 -> 0 | E62: ='总表-数据收集'!BS22 -> 0 | F62: ='总表-数据收集'!CR22 -> 0 | G62: ='总表-数据收集'!DQ22 -> 0 | H62: ='总表-数据收集'!EP22 -> 1 | I62: =SUM(D62:H62) -> 1
D63: =SUM(D45:D62) -> 145 | E63: =SUM(E45:E62) -> 65 | F63: =SUM(F45:F62) -> 158
A68: 周趋势
A78: 周趋势
A88: 周趋势
A98: 周趋势
A108: 周趋势
A118: 周趋势
A128: 周趋势
A138: 周趋势
A149: 周趋势
A159: 周趋势
A169: 周趋势

Sheet 周数据对比1
A1: 5
A2: ='总表-数据收集'!B5 -> 花都广本
C3: 5.1-5.10 | D3: 5.11-5.17 | E3: 5.18-5.24
B4: 线索 | C4: ='总表-数据收集'!AI5 -> 3099 | D4: ='总表-数据收集'!BH5 -> 1529 | E4: ='总表-数据收集'!CG5 -> 1277 | F4: ='总表-数据收集'!DF5 -> 731 | G4: ='总表-数据收集'!EE5 -> 1126
B5: 到店 | C5: ='总表-数据收集'!AS5 -> 77 | D5: ='总表-数据收集'!BR5 -> 22 | E5: ='总表-数据收集'!CQ5 -> 29 | F5: ='总表-数据收集'!DP5 -> 22 | G5: ='总表-数据收集'!EO5 -> 22
B6: 订单 | C6: ='总表-数据收集'!AT5 -> 36 | D6: ='总表-数据收集'!BS5 -> 4 | E6: ='总表-数据收集'!CR5 -> 9 | F6: ='总表-数据收集'!DQ5 -> 7 | G6: ='总表-数据收集'!EP5 -> 10
A9: 6
A10: ='总表-数据收集'!B6 -> 花都建设北零跑
C11: 5.1-5.10 | D11: 5.11-5.17 | E11: 5.18-5.24
B12: 线索 | C12: ='总表-数据收集'!AI6 -> 869 | D12: ='总表-数据收集'!BH6 -> 495 | E12: ='总表-数据收集'!CG6 -> 1446 | F12: ='总表-数据收集'!DF6 -> 1054 | G12: ='总表-数据收集'!EE6 -> 1412
B13: 到店 | C13: ='总表-数据收集'!AS6 -> 25 | D13: ='总表-数据收集'!BR6 -> 13 | E13: ='总表-数据收集'!CQ6 -> 26 | F13: ='总表-数据收集'!DP7 -> 60 | G13: ='总表-数据收集'!EO6 -> 44
B14: 订单 | C14: ='总表-数据收集'!AT6 -> 6 | D14: ='总表-数据收集'!BS7 -> 13 | E14: ='总表-数据收集'!CR7 -> 17 | F14: ='总表-数据收集'!DQ7 -> 16 | G14: ='总表-数据收集'!EP6 -> 18
A17: 7
A18: ='总表-数据收集'!B7 -> 白云零跑
C19: 5.1-5.10 | D19: 5.11-5.17 | E19: 5.18-5.24
B20: 线索 | C20: ='总表-数据收集'!AI7 -> 1160 | D20: ='总表-数据收集'!BH7 -> 681 | E20: ='总表-数据收集'!CG7 -> 902 | F20: ='总表-数据收集'!DF7 -> 1112 | G20: ='总表-数据收集'!EE7 -> 1084
B21: 到店 | C21: ='总表-数据收集'!AS7 -> 27 | D21: ='总表-数据收集'!BR7 -> 21 | E21: ='总表-数据收集'!CQ7 -> 31 | F21: ='总表-数据收集'!DP7 -> 60 | G21: ='总表-数据收集'!EO7 -> 61
B22: 订单 | C22: ='总表-数据收集'!AT7 -> 6 | D22: ='总表-数据收集'!BS7 -> 13 | E22: ='总表-数据收集'!CR7 -> 17 | F22: ='总表-数据收集'!DQ2 -> 0 | G22: ='总表-数据收集'!EP7 -> 20
A24: 8
A25: ='总表-数据收集'!B8 -> 花都传祺
C26: 5.1-5.10 | D26: 5.11-5.17 | E26: 5.18-5.24
B27: 线索 | C27: ='总表-数据收集'!AI8 -> 579 | D27: ='总表-数据收集'!BH8 -> 302 | E27: ='总表-数据收集'!CG8 -> 870 | F27: ='总表-数据收集'!DF8 -> 557 | G27: ='总表-数据收集'!EE8 -> 682
B28: 到店 | C28: ='总表-数据收集'!AS8 -> 22 | D28: ='总表-数据收集'!BR8 -> 8 | E28: ='总表-数据收集'!CQ8 -> 27 | F28: ='总表-数据收集'!DP8 -> 15 | G28: ='总表-数据收集'!EO8 -> 30
B29: 订单 | C29: ='总表-数据收集'!AT8 -> 7 | D29: ='总表-数据收集'!BS8 -> 3 | E29: ='总表-数据收集'!CR8 -> 7 | F29: ='总表-数据收集'!DQ8 -> 3 | G29: ='总表-数据收集'!EP8 -> 8
A31: 9
A32: ='总表-数据收集'!B9 -> 清远极氪
C33: 5.1-5.10 | D33: 5.11-5.17 | E33: 5.18-5.24
B34: 线索 | C34: ='总表-数据收集'!AI9 -> 68 | D34: ='总表-数据收集'!BH9 -> 369 | E34: ='总表-数据收集'!CG9 -> 345 | F34: ='总表-数据收集'!DF9 -> 384 | G34: ='总表-数据收集'!EE9 -> 408
B35: 到店 | C35: ='总表-数据收集'!AS9 -> 10 | D35: ='总表-数据收集'!BR9 -> 16 | E35: ='总表-数据收集'!CQ9 -> 18 | F35: ='总表-数据收集'!DP9 -> 25 | G35: ='总表-数据收集'!EO9 -> 33
B36: 订单 | C36: ='总表-数据收集'!AT9 -> 1 | D36: ='总表-数据收集'!BS9 -> 0 | E36: ='总表-数据收集'!CR9 -> 2 | F36: ='总表-数据收集'!DQ9 -> 2 | G36: ='总表-数据收集'!EP9 -> 6
A38: 10
A39: ='总表-数据收集'!B10 -> 清远广本
C40: 5.1-5.10 | D40: 5.11-5.17 | E40: 5.18-5.24
B41: 线索 | C41: ='总表-数据收集'!AI10 -> 683 | D41: ='总表-数据收集'!BH10 -> 765 | E41: ='总表-数据收集'!CG10 -> 867 | F41: ='总表-数据收集'!DF10 -> 593 | G41: ='总表-数据收集'!EE10 -> 525
B42: 到店 | C42: ='总表-数据收集'!AS10 -> 41 | D42: ='总表-数据收集'!BR10 -> 29 | E42: ='总表-数据收集'!CQ10 -> 50 | F42: ='总表-数据收集'!DP10 -> 33 | G42: ='总表-数据收集'!EO10 -> 42
B43: 订单 | C43: ='总表-数据收集'!AT10 -> 11 | D43: ='总表-数据收集'!BS10 -> 5 | E43: ='总表-数据收集'!CR10 -> 9 | F43: ='总表-数据收集'!DQ10 -> 7 | G43: ='总表-数据收集'!EP10 -> 10
A45: 11
A46: ='总表-数据收集'!B11 -> 鑫海广本
C47: 5.1-5.10 | D47: 5.11-5.17 | E47: 5.18-5.24
B48: 线索 | C48: ='总表-数据收集'!AI11 -> 502 | D48: ='总表-数据收集'!BH11 -> 181 | E48: ='总表-数据收集'!CG11 -> 394 | F48: ='总表-数据收集'!DF11 -> 316 | G48: ='总表-数据收集'!EE11 -> 375
B49: 到店 | C49: ='总表-数据收集'!AS11 -> 76 | D49: ='总表-数据收集'!BR11 -> 27 | E49: ='总表-数据收集'!CQ11 -> 52 | F49: ='总表-数据收集'!DP11 -> 37 | G49: ='总表-数据收集'!EO11 -> 50
B50: 订单 | C50: ='总表-数据收集'!AT11 -> 15 | D50: ='总表-数据收集'!BS11 -> 7 | E50: ='总表-数据收集'!CR11 -> 10 | F50: ='总表-数据收集'!DQ11 -> 5 | G50: ='总表-数据收集'!EP11 -> 10
A52: 12
A53: ='总表-数据收集'!B12 -> 汕头广本
C54: 5.1-5.10 | D54: 5.11-5.17 | E54: 5.18-5.24
B55: 线索 | C55: ='总表-数据收集'!AI12 -> 0 | D55: ='总表-数据收集'!BH12 -> 0 | E55: ='总表-数据收集'!CG12 -> 461 | F55: ='总表-数据收集'!DF12 -> 497 | G55: ='总表-数据收集'!EE12 -> 537
B56: 到店 | C56: ='总表-数据收集'!AS12 -> 0 | D56: ='总表-数据收集'!BR12 -> 0 | E56: ='总表-数据收集'!CQ12 -> 41 | F56: ='总表-数据收集'!DP12 -> 25 | G56: ='总表-数据收集'!EO12 -> 26
B57: 订单 | C57: ='总表-数据收集'!AT12 -> 0 | D57: ='总表-数据收集'!BS12 -> 0 | E57: ='总表-数据收集'!CR12 -> 16 | F57: ='总表-数据收集'!DQ12 -> 9 | G57: ='总表-数据收集'!EP12 -> 10
A59: 13
A60: ='总表-数据收集'!B13 -> 江门大众
C61: 5.1-5.10 | D61: 5.11-5.17 | E61: 5.18-5.24
B62: 线索 | C62: ='总表-数据收集'!AI13 -> 343 | D62: ='总表-数据收集'!BH13 -> 351 | E62: ='总表-数据收集'!CG13 -> 471 | F62: ='总表-数据收集'!DF13 -> 324 | G62: ='总表-数据收集'!EE13 -> 210
B63: 到店 | C63: ='总表-数据收集'!AS13 -> 17 | D63: ='总表-数据收集'!BR13 -> 9 | E63: ='总表-数据收集'!CQ13 -> 22 | F63: ='总表-数据收集'!DP13 -> 10 | G63: ='总表-数据收集'!EO13 -> 15
B64: 订单 | C64: ='总表-数据收集'!AT13 -> 10 | D64: ='总表-数据收集'!BS13 -> 3 | E64: ='总表-数据收集'!CR13 -> 6 | F64: ='总表-数据收集'!DQ13 -> 2 | G64: ='总表-数据收集'!EP13 -> 6
A66: 14
A67: ='总表-数据收集'!B14 -> 河源零跑
C68: 5.1-5.10 | D68: 5.11-5.17 | E68: 5.18-5.24
B69: 线索 | C69: ='总表-数据收集'!AI14 -> 467 | D69: ='总表-数据收集'!BH14 -> 671 | E69: ='总表-数据收集'!CG14 -> 1074 | F69: ='总表-数据收集'!DF14 -> 840 | G69: ='总表-数据收集'!EE14 -> 1537
B70: 到店 | C70: ='总表-数据收集'!AS14 -> 99 | D70: ='总表-数据收集'!BR14 -> 67 | E70: ='总表-数据收集'!CQ14 -> 91 | F70: ='总表-数据收集'!DP14 -> 127 | G70: ='总表-数据收集'!EO14 -> 89
B71: 订单 | C71: ='总表-数据收集'!AT14 -> 19 | D71: ='总表-数据收集'!BS14 -> 5 | E71: ='总表-数据收集'!CR14 -> 21 | F71: ='总表-数据收集'!DQ14 -> 22 | G71: ='总表-数据收集'!EP14 -> 25
A73: 15
A74: ='总表-数据收集'!B15 -> 汕头零跑
C75: 5.1-5.10 | D75: 5.11-5.17 | E75: 5.18-5.24
B76: 线索 | C76: ='总表-数据收集'!AI15 -> 593 | D76: ='总表-数据收集'!BH15 -> 461 | E76: ='总表-数据收集'!CG15 -> 1200 | F76: ='总表-数据收集'!DF15 -> 1337 | G76: ='总表-数据收集'!EE15 -> 1860
B77: 到店 | C77: ='总表-数据收集'!AS15 -> 54 | D77: ='总表-数据收集'!BR15 -> 47 | E77: ='总表-数据收集'!CQ15 -> 92 | F77: ='总表-数据收集'!DP15 -> 120 | G77: ='总表-数据收集'!EO15 -> 92
B78: 订单 | C78: ='总表-数据收集'!AT15 -> 12 | D78: ='总表-数据收集'!BS15 -> 11 | E78: ='总表-数据收集'!CR15 -> 24 | F78: ='总表-数据收集'!DQ15 -> 35 | G78: ='总表-数据收集'!EP15 -> 27
A80: 16
A81: ='总表-数据收集'!B16 -> 清远港鸿
C82: 5.1-5.10 | D82: 5.11-5.17 | E82: 5.18-5.24
B83: 线索 | C83: ='总表-数据收集'!AI16 -> 319 | D83: ='总表-数据收集'!BH16 -> 282 | E83: ='总表-数据收集'!CG16 -> 338 | F83: ='总表-数据收集'!DF16 -> 365 | G83: ='总表-数据收集'!EE16 -> 569
B84: 到店 | C84: ='总表-数据收集'!AS16 -> 54 | D84: ='总表-数据收集'!BR16 -> 11 | E84: ='总表-数据收集'!CQ16 -> 39 | F84: ='总表-数据收集'!DP16 -> 42 | G84: ='总表-数据收集'!EO16 -> 27
B85: 订单 | C85: ='总表-数据收集'!AT16 -> 11 | D85: ='总表-数据收集'!BS16 -> 4 | E85: ='总表-数据收集'!CR16 -> 13 | F85: ='总表-数据收集'!DQ16 -> 5 | G85: ='总表-数据收集'!EP16 -> 5
A87: 17
A88: ='总表-数据收集'!B17 -> 从化零跑
C89: 5.1-5.10 | D89: 5.11-5.17 | E89: 5.18-5.24
B90: 线索 | C90: ='总表-数据收集'!AI17 -> 539 | D90: ='总表-数据收集'!BH17 -> 525 | E90: ='总表-数据收集'!CG17 -> 331 | F90: ='总表-数据收集'!DF17 -> 719 | G90: ='总表-数据收集'!EE17 -> 431
B91: 到店 | C91: ='总表-数据收集'!AS17 -> 1 | D91: ='总表-数据收集'!BR17 -> 4 | E91: ='总表-数据收集'!CQ17 -> 11 | F91: ='总表-数据收集'!DP17 -> 25 | G91: ='总表-数据收集'!EO17 -> 19
B92: 订单 | C92: ='总表-数据收集'!AT17 -> 4 | D92: ='总表-数据收集'!BS17 -> 2 | E92: ='总表-数据收集'!CR17 -> 4 | F92: ='总表-数据收集'!DQ17 -> 11 | G92: ='总表-数据收集'!EP17 -> 4
A94: 18
A95: ='总表-数据收集'!B18 -> 清远奇晟
C96: 5.1-5.10 | D96: 5.11-5.17 | E96: 5.18-5.24
B97: 线索 | C97: ='总表-数据收集'!AI18 -> 260 | D97: ='总表-数据收集'!BH18 -> 212 | E97: ='总表-数据收集'!CG18 -> 225 | F97: ='总表-数据收集'!DF18 -> 220 | G97: ='总表-数据收集'!EE18 -> 380
B98: 到店 | C98: ='总表-数据收集'!AS18 -> 22 | D98: ='总表-数据收集'!BR18 -> 6 | E98: ='总表-数据收集'!CQ18 -> 11 | F98: ='总表-数据收集'!DP18 -> 29 | G98: ='总表-数据收集'!EO18 -> 22
B99: 订单 | C99: ='总表-数据收集'!AT18 -> 6 | D99: ='总表-数据收集'!BS18 -> 3 | E99: ='总表-数据收集'!CR18 -> 5 | F99: ='总表-数据收集'!DQ18 -> 3 | G99: ='总表-数据收集'!EP18 -> 4
A101: 19
A102: ='总表-数据收集'!B19 -> 清远英德
C103: 5.1-5.10 | D103: 5.11-5.17 | E103: 5.18-5.24
B104: 线索 | C104: ='总表-数据收集'!AI19 -> 19 | D104: ='总表-数据收集'!BH19 -> 2 | E104: ='总表-数据收集'!CG19 -> 22 | F104: ='总表-数据收集'!DF19 -> 74 | G104: ='总表-数据收集'!EE19 -> 84
B105: 到店 | C105: ='总表-数据收集'!AS19 -> 7 | D105: ='总表-数据收集'!BR19 -> 1 | E105: ='总表-数据收集'!CQ19 -> 3 | F105: ='总表-数据收集'!DP19 -> 23 | G105: ='总表-数据收集'!EO19 -> 12
B106: 订单 | C106: ='总表-数据收集'!AT19 -> 0 | D106: ='总表-数据收集'!BS19 -> 0 | E106: ='总表-数据收集'!CR19 -> 0 | F106: ='总表-数据收集'!DQ19 -> 0 | G106: ='总表-数据收集'!EP19 -> 0
A108: 20
A109: ='总表-数据收集'!B20 -> 广花零跑
C110: 5.1-5.10 | D110: 5.11-5.17 | E110: 5.18-5.24
B111: 线索 | C111: ='总表-数据收集'!AI20 -> 550 | D111: ='总表-数据收集'!BH20 -> 285 | E111: ='总表-数据收集'!CG20 -> 393 | F111: ='总表-数据收集'!DF20 -> 941 | G111: ='总表-数据收集'!EE20 -> 339
B112: 到店 | C112: ='总表-数据收集'!AS20 -> 0 | D112: ='总表-数据收集'!BR20 -> 3 | E112: ='总表-数据收集'!CQ20 -> 8 | F112: ='总表-数据收集'!DP20 -> 28 | G112: ='总表-数据收集'!EO20 -> 18
B113: 订单 | C113: ='总表-数据收集'!AT20 -> 0 | D113: ='总表-数据收集'!BS20 -> 2 | E113: ='总表-数据收集'!CR20 -> 2 | F113: ='总表-数据收集'!DQ20 -> 13 | G113: ='总表-数据收集'!EP20 -> 0
A115: 21
A116: ='总表-数据收集'!B21 -> 花都北站零跑
C117: 5.1-5.10 | D117: 5.11-5.17 | E117: 5.18-5.24
B118: 线索 | C118: ='总表-数据收集'!AI21 -> 188 | D118: ='总表-数据收集'!BH21 -> 84 | E118: ='总表-数据收集'!CG21 -> 282 | F118: ='总表-数据收集'!DF21 -> 398 | G118: ='总表-数据收集'!EE21 -> 263
...

Sheet 周数据对比2
C2: 线索
D3: 4.1-4.5 | E3: 4.6-4.12 | F3: 4.13-4.19 | G3: 4.20-4.26 | H3: 4.27-4.30
B4: 5 | C4: 花都广本 | D4: ='总表-数据收集'!AI5 -> 3099 | E4: ='总表-数据收集'!BH5 -> 1529 | F4: ='总表-数据收集'!CG5 -> 1277 | G4: ='总表-数据收集'!DF5 -> 731 | H4: ='总表-数据收集'!EE5 -> 1126
B5: 6 | D5: ='总表-数据收集'!#REF! -> #REF! | E5: ='总表-数据收集'!#REF! -> #REF! | F5: ='总表-数据收集'!#REF! -> #REF! | G5: ='总表-数据收集'!#REF! -> #REF! | H5: ='总表-数据收集'!EE6 -> 1412
B6: 6 | C6: 花都建设北零跑 | D6: ='总表-数据收集'!AI6 -> 869 | E6: ='总表-数据收集'!BH6 -> 495 | F6: ='总表-数据收集'!CG6 -> 1446 | G6: ='总表-数据收集'!DF6 -> 1054 | H6: ='总表-数据收集'!EE6 -> 1412
B7: 7 | C7: 白云零跑 | D7: ='总表-数据收集'!AI7 -> 1160 | E7: ='总表-数据收集'!BH7 -> 681 | F7: ='总表-数据收集'!CG7 -> 902 | G7: ='总表-数据收集'!DF7 -> 1112 | H7: ='总表-数据收集'!EE7 -> 1084
B8: 8 | C8: 花都传祺 | D8: ='总表-数据收集'!AI8 -> 579 | E8: ='总表-数据收集'!BH8 -> 302 | F8: ='总表-数据收集'!CG8 -> 870 | G8: ='总表-数据收集'!DF8 -> 557 | H8: ='总表-数据收集'!EE8 -> 682
B9: 9 | C9: 清远极氪 | D9: ='总表-数据收集'!AI9 -> 68 | E9: ='总表-数据收集'!BH9 -> 369 | F9: ='总表-数据收集'!CG9 -> 345 | G9: ='总表-数据收集'!DF9 -> 384 | H9: ='总表-数据收集'!EE9 -> 408
B10: 10 | C10: 清远广本 | D10: ='总表-数据收集'!AI10 -> 683 | E10: ='总表-数据收集'!BH10 -> 765 | F10: ='总表-数据收集'!CG10 -> 867 | G10: ='总表-数据收集'!DF10 -> 593 | H10: ='总表-数据收集'!EE10 -> 525
B11: 11 | C11: 鑫海广本 | D11: ='总表-数据收集'!AI11 -> 502 | E11: ='总表-数据收集'!BH11 -> 181 | F11: ='总表-数据收集'!CG11 -> 394 | G11: ='总表-数据收集'!DF11 -> 316 | H11: ='总表-数据收集'!EE11 -> 375
B12: 12 | C12: 汕头广本 | D12: ='总表-数据收集'!AI12 -> 0 | E12: ='总表-数据收集'!BH12 -> 0 | F12: ='总表-数据收集'!CG12 -> 461 | G12: ='总表-数据收集'!DF12 -> 497 | H12: ='总表-数据收集'!EE12 -> 537
B13: 13 | C13: 江门大众 | D13: ='总表-数据收集'!AI13 -> 343 | E13: ='总表-数据收集'!BH13 -> 351 | F13: ='总表-数据收集'!CG13 -> 471 | G13: ='总表-数据收集'!DF13 -> 324 | H13: ='总表-数据收集'!EE13 -> 210
B14: 14 | C14: 河源零跑 | D14: ='总表-数据收集'!AI14 -> 467 | E14: ='总表-数据收集'!BH14 -> 671 | F14: ='总表-数据收集'!CG14 -> 1074 | G14: ='总表-数据收集'!DF14 -> 840 | H14: ='总表-数据收集'!EE14 -> 1537
B15: 15 | C15: 汕头零跑 | D15: ='总表-数据收集'!AI15 -> 593 | E15: ='总表-数据收集'!BH15 -> 461 | F15: ='总表-数据收集'!CG15 -> 1200 | G15: ='总表-数据收集'!DF15 -> 1337 | H15: ='总表-数据收集'!EE15 -> 1860
B16: 16 | C16: 清远港鸿 | D16: ='总表-数据收集'!AI16 -> 319 | E16: ='总表-数据收集'!BH16 -> 282 | F16: ='总表-数据收集'!CG16 -> 338 | G16: ='总表-数据收集'!DF16 -> 365 | H16: ='总表-数据收集'!EE16 -> 569
B17: 17 | C17: 从化零跑 | D17: ='总表-数据收集'!AI17 -> 539 | E17: ='总表-数据收集'!BH17 -> 525 | F17: ='总表-数据收集'!CG17 -> 331 | G17: ='总表-数据收集'!DF17 -> 719 | H17: ='总表-数据收集'!EE17 -> 431
... B21: 21 | C21: 北站店 | D21: ='总表-数据收集'!AI21 -> 188 | E21: ='总表-数据收集'!BH21 -> 84 | F21: ='总表-数据收集'!CG21 -> 282 | G21: ='总表-数据收集'!DF21 -> 398 | H21: ='总表-数据收集'!EE21 -> 263
C24: 到店
D25: 4.1-4.5 | E25: 4.6-4.12 | F25: 4.13-4.19 | G25: 4.20-4.26 | H25: 4.27-4.30
B26: 5 | C26: 花都广本 | D26: ='总表-数据收集'!AS5 -> 77 | E26: ='总表-数据收集'!BR5 -> 22 | F26: ='总表-数据收集'!CQ5 -> 29 | G26: ='总表-数据收集'!DP5 -> 22 | H26: ='总表-数据收集'!EO6 -> 44
B27: 6 | D27: ='总表-数据收集'!#REF! -> #REF! | E27: ='总表-数据收集'!#REF! -> #REF! | F27: ='总表-数据收集'!#REF! -> #REF! | G27: ='总表-数据收集'!#REF! -> #REF! | H27: ='总表-数据收集'!EO7 -> 61
B28: 6 | C28: 花都建设北零跑 | D28: ='总表-数据收集'!AS6 -> 25 | E28: ='总表-数据收集'!BR6 -> 13 | F28: ='总表-数据收集'!CQ6 -> 26 | G28: ='总表-数据收集'!DP6 -> 51 | H28: ='总表-数据收集'!EO8 -> 30
B29: 7 | C29: 白云零跑 | D29: ='总表-数据收集'!AS7 -> 27 | E29: ='总表-数据收集'!BR7 -> 21 | F29: ='总表-数据收集'!CQ7 -> 31 | G29: ='总表-数据收集'!DP7 -> 60 | H29: ='总表-数据收集'!EO9 -> 33
B30: 8 | C30: 花都传祺 | D30: ='总表-数据收集'!AS8 -> 22 | E30: ='总表-数据收集'!BR8 -> 8 | F30: ='总表-数据收集'!CQ8 -> 27 | G30: ='总表-数据收集'!DP8 -> 15 | H30: ='总表-数据收集'!EO10 -> 42
B31: 9 | C31: 清远极氪 | D31: ='总表-数据收集'!AS9 -> 10 | E31: ='总表-数据收集'!BR9 -> 16 | F31: ='总表-数据收集'!CQ9 -> 18 | G31: ='总表-数据收集'!DP9 -> 25 | H31: ='总表-数据收集'!EO11 -> 50
B32: 10 | C32: 清远广本 | D32: ='总表-数据收集'!AS10 -> 41 | E32: ='总表-数据收集'!BR10 -> 29 | F32: ='总表-数据收集'!CQ10 -> 50 | G32: ='总表-数据收集'!DP10 -> 33 | H32: ='总表-数据收集'!EO12 -> 26
B33: 11 | C33: 鑫海广本 | D33: ='总表-数据收集'!AS11 -> 76 | E33: ='总表-数据收集'!BR11 -> 27 | F33: ='总表-数据收集'!CQ11 -> 52 | G33: ='总表-数据收集'!DP11 -> 37 | H33: ='总表-数据收集'!EO13 -> 15
B34: 12 | C34: 汕头广本 | D34: ='总表-数据收集'!AS12 -> 0 | E34: ='总表-数据收集'!BR12 -> 0 | F34: ='总表-数据收集'!CQ12 -> 41 | G34: ='总表-数据收集'!DP12 -> 25 | H34: ='总表-数据收集'!EO14 -> 89
B35: 13 | C35: 江门大众 | D35: ='总表-数据收集'!AS13 -> 17 | E35: ='总表-数据收集'!BR13 -> 9 | F35: ='总表-数据收集'!CQ13 -> 22 | G35: ='总表-数据收集'!DP13 -> 10 | H35: ='总表-数据收集'!EO15 -> 92
B36: 14 | C36: 河源零跑 | D36: ='总表-数据收集'!AS14 -> 99 | E36: ='总表-数据收集'!BR14 -> 67 | F36: ='总表-数据收集'!CQ14 -> 91 | G36: ='总表-数据收集'!DP14 -> 127 | H36: ='总表-数据收集'!EO16 -> 27
B37: 15 | C37: 汕头零跑 | D37: ='总表-数据收集'!AS15 -> 54 | E37: ='总表-数据收集'!BR15 -> 47 | F37: ='总表-数据收集'!CQ15 -> 92 | G37: ='总表-数据收集'!DP15 -> 120 | H37: ='总表-数据收集'!EO17 -> 19
B38: 16 | C38: 清远港鸿 | D38: ='总表-数据收集'!AS16 -> 54 | E38: ='总表-数据收集'!BR16 -> 11 | F38: ='总表-数据收集'!CQ16 -> 39 | G38: ='总表-数据收集'!DP16 -> 42 | H38: ='总表-数据收集'!EO18 -> 22
B39: 17 | C39: 从化零跑 | D39: ='总表-数据收集'!AS17 -> 1 | E39: ='总表-数据收集'!BR17 -> 4 | F39: ='总表-数据收集'!CQ17 -> 11 | G39: ='总表-数据收集'!DP17 -> 25 | H39: ='总表-数据收集'!EO19 -> 12
... B41: 19 | C41: 清远英德 | D41: ='总表-数据收集'!AS19 -> 7 | E41: ='总表-数据收集'!BR19 -> 1 | F41: ='总表-数据收集'!CQ19 -> 3 | G41: ='总表-数据收集'!DP19 -> 23 | H41: ='总表-数据收集'!EO21 -> 12
B42: 20 | C42: 广花店 | D42: ='总表-数据收集'!AS20 -> 0 | E42: ='总表-数据收集'!BR20 -> 3 | F42: ='总表-数据收集'!CQ20 -> 8 | G42: ='总表-数据收集'!DP20 -> 28 | H42: ='总表-数据收集'!EO23 -> 612
B43: 21 | C43: 北站店 | D43: ='总表-数据收集'!AS21 -> 2 | E43: ='总表-数据收集'!BR21 -> 6 | F43: ='总表-数据收集'!CQ21 -> 21 | G43: ='总表-数据收集'!DP21 -> 28 | H43: ='总表-数据收集'!EO24 -> 0
C47: 订单
D48: 4.1-4.5 | E48: 4.6-4.12 | F48: 4.13-4.19 | G48: 4.20-4.26 | H48: 4.27-4.30
B49: 5 | C49: 花都广本 | D49: ='总表-数据收集'!AT5 -> 36 | E49: ='总表-数据收集'!BS5 -> 4 | F49: ='总表-数据收集'!CR5 -> 9 | G49: ='总表-数据收集'!DQ5 -> 7 | H49: ='总表-数据收集'!EP10 -> 10
B50: 6 | D50: ='总表-数据收集'!#REF! -> #REF! | E50: ='总表-数据收集'!#REF! -> #REF! | F50: ='总表-数据收集'!#REF! -> #REF! | G50: ='总表-数据收集'!#REF! -> #REF! | H50: ='总表-数据收集'!EP11 -> 10
B51: 6 | C51: 花都建设北零跑 | D51: ='总表-数据收集'!AT6 -> 6 | E51: ='总表-数据收集'!BS6 -> 3 | F51: ='总表-数据收集'!CR6 -> 9 | G51: ='总表-数据收集'!DQ6 -> 12 | H51: ='总表-数据收集'!EP12 -> 10
B52: 7 | C52: 白云零跑 | D52: ='总表-数据收集'!AT7 -> 6 | E52: ='总表-数据收集'!BS7 -> 13 | F52: ='总表-数据收集'!CR7 -> 17 | G52: ='总表-数据收集'!DQ7 -> 16 | H52: ='总表-数据收集'!EP13 -> 6
B53: 8 | C53: 花都传祺 | D53: ='总表-数据收集'!AT8 -> 7 | E53: ='总表-数据收集'!BS8 -> 3 | F53: ='总表-数据收集'!CR8 -> 7 | G53: ='总表-数据收集'!DQ8 -> 3 | H53: ='总表-数据收集'!EP14 -> 25
B54: 9 | C54: 清远极氪 | D54: ='总表-数据收集'!AT9 -> 1 | E54: ='总表-数据收集'!BS9 -> 0 | F54: ='总表-数据收集'!CR9 -> 2 | G54: ='总表-数据收集'!DQ9 -> 2 | H54: ='总表-数据收集'!EP15 -> 27
B55: 10 | C55: 清远广本 | D55: ='总表-数据收集'!AT10 -> 11 | E55: ='总表-数据收集'!BS10 -> 5 | F55: ='总表-数据收集'!CR10 -> 9 | G55: ='总表-数据收集'!DQ10 -> 7 | H55: ='总表-数据收集'!EP16 -> 5
B56: 11 | C56: 鑫海广本 | D56: ='总表-数据收集'!AT11 -> 15 | E56: ='总表-数据收集'!BS11 -> 7 | F56: ='总表-数据收集'!CR11 -> 10 | G56: ='总表-数据收集'!DQ11 -> 5 | H56: ='总表-数据收集'!EP17 -> 4
B57: 12 | C57: 汕头广本 | D57: ='总表-数据收集'!AT12 -> 0 | E57: ='总表-数据收集'!BS12 -> 0 | F57: ='总表-数据收集'!CR12 -> 16 | G57: ='总表-数据收集'!DQ12 -> 9 | H57: ='总表-数据收集'!EP18 -> 4
B58: 13 | C58: 江门大众 | D58: ='总表-数据收集'!AT13 -> 10 | E58: ='总表-数据收集'!BS13 -> 3 | F58: ='总表-数据收集'!CR13 -> 6 | G58: ='总表-数据收集'!DQ13 -> 2 | H58: ='总表-数据收集'!EP19 -> 0
B59: 14 | C59: 河源零跑 | D59: ='总表-数据收集'!AT14 -> 19 | E59: ='总表-数据收集'!BS14 -> 5 | F59: ='总表-数据收集'!CR14 -> 21 | G59: ='总表-数据收集'!DQ14 -> 22 | H59: ='总表-数据收集'!EP20 -> 0
B60: 15 | C60: 汕头零跑 | D60: ='总表-数据收集'!AT15 -> 12 | E60: ='总表-数据收集'!BS15 -> 11 | F60: ='总表-数据收集'!CR15 -> 24 | G60: ='总表-数据收集'!DQ15 -> 35 | H60: ='总表-数据收集'!EP21 -> 5
B61: 16 | C61: 清远港鸿 | D61: ='总表-数据收集'!AT16 -> 11 | E61: ='总表-数据收集'!BS16 -> 4 | F61: ='总表-数据收集'!CR16 -> 13 | G61: ='总表-数据收集'!DQ16 -> 5 | H61: ='总表-数据收集'!EP23 -> 166
B62: 17 | C62: 从化零跑 | D62: ='总表-数据收集'!AT17 -> 4 | E62: ='总表-数据收集'!BS17 -> 2 | F62: ='总表-数据收集'!CR17 -> 4 | G62: ='总表-数据收集'!DQ17 -> 11 | H62: ='总表-数据收集'!EP24 -> 0
B63: 18 | C63: 清远奇晟 | D63: ='总表-数据收集'!AT18 -> 6 | E63: ='总表-数据收集'!BS18 -> 3 | F63: ='总表-数据收集'!CR18 -> 5 | G63: ='总表-数据收集'!DQ18 -> 3 | H63: ='总表-数据收集'!EP25 -> 0
B64: 19 | C64: 清远英德 | D64: ='总表-数据收集'!AT19 -> 0 | E64: ='总表-数据收集'!BS19 -> 0 | F64: ='总表-数据收集'!CR19 -> 0 | G64: ='总表-数据收集'!DQ19 -> 0 | H64: ='总表-数据收集'!EP26 -> 0
B65: 20 | C65: 广花店 | D65: ='总表-数据收集'!AT20 -> 0 | E65: ='总表-数据收集'!BS20 -> 2 | F65: ='总表-数据收集'!CR20 -> 2 | G65: ='总表-数据收集'!DQ20 -> 13 | H65: ='总表-数据收集'!EP27 -> 0
B66: 21 | C66: 北站店 | D66: ='总表-数据收集'!AT21 -> 1 | E66: ='总表-数据收集'!BS21 -> 0 | F66: ='总表-数据收集'!CR21 -> 4 | G66: ='总表-数据收集'!DQ21 -> 7 | H66: ='总表-数据收集'!EP28 -> 0

Sheet 2026月度数据对比
A1: 每月订单对比 | O1: 每月新媒体订单占比
A2: 店名 | B2: 1月 | C2: 2月 | D2: 3月 | E2: 4月 | F2: 5月 | G2: 6月 | H2: 7月 | I2: 8月 | J2: 9月 | K2: 10月 | L2: 11月 | M2: 12月 | O2: 店名 | P2: 1月 | Q2: 2月 | R2: 3月 | S2: 4月 | T2: 5月 | U2: 6月 | V2: 7月 | W2: 8月 | X2: 9月 | Y2: 10月 | Z2: 11月 | AA2: 12月
A3: 花都广本 | B3: =VLOOKUP(A3,'[4]2026月度数据对比'!$A$2:$B$18,2,FALSE) -> 36 | C3: =VLOOKUP(A3,'[4]2026月度数据对比'!$A$3:$C$18,3,FALSE) -> 4 | D3: 9 | E3: 7 | F3: 8 | O3: 花都广本 | P3: =VLOOKUP(O3,'[4]2026月度数据对比'!$O$3:$P$18,2,FALSE) -> 0.31 | Q3: =VLOOKUP(O3,'[4]2026月度数据对比'!$O$3:$Q$18,3,FALSE) -> 0.1 | R3: 0.158 | S3: 0.008 | T3: 0.2
A4: 花都建设北零跑 | B4: 6 | C4: 3 | D4: 9 | E4: 12 | F4: 10 | O4: 花都建设北零跑 | P4: 0.12 | Q4: 0.23 | R4: 0.13 | S4: 0.1043 | T4: 0.16
A5: 白云零跑 | B5: =VLOOKUP(A5,'[4]2026月度数据对比'!$A$2:$B$18,2,FALSE) -> 6 | C5: =VLOOKUP(A5,'[4]2026月度数据对比'!$A$3:$C$18,3,FALSE) -> 13 | D5: 17 | E5: 16 | F5: 15 | O5: 白云零跑 | P5: =VLOOKUP(O5,'[4]2026月度数据对比'!$O$3:$P$18,2,FALSE) -> 0.06 | Q5: =VLOOKUP(O5,'[4]2026月度数据对比'!$O$3:$Q$18,3,FALSE) -> 0.6 | R5: 0.346 | S5: 0.1 | T5: 0.2
A6: 花都传祺 | B6: =VLOOKUP(A6,'[4]2026月度数据对比'!$A$2:$B$18,2,FALSE) -> 7 | C6: =VLOOKUP(A6,'[4]2026月度数据对比'!$A$3:$C$18,3,FALSE) -> 3 | D6: 7 | E6: 3 | F6: 6 | O6: 花都传祺 | P6: =VLOOKUP(O6,'[4]2026月度数据对比'!$O$3:$P$18,2,FALSE) -> 0.12 | Q6: =VLOOKUP(O6,'[4]2026月度数据对比'!$O$3:$Q$18,3,FALSE) -> 0.17 | R6: 0.18 | S6: 0.1 | T6: 0.16
A7: 清远极氪 | B7: =VLOOKUP(A7,'[4]2026月度数据对比'!$A$2:$B$18,2,FALSE) -> 1 | C7: =VLOOKUP(A7,'[4]2026月度数据对比'!$A$3:$C$18,3,FALSE) -> 0 | D7: 2 | E7: 2 | F7: 4 | O7: 清远极氪 | P7: =VLOOKUP(O7,'[4]2026月度数据对比'!$O$3:$P$18,2,FALSE) -> 0 | Q7: =VLOOKUP(O7,'[4]2026月度数据对比'!$O$3:$Q$18,3,FALSE) -> 0 | R7: 0.03 | S7: 0.067 | T7: 0.083
A8: 清远广本 | B8: =VLOOKUP(A8,'[4]2026月度数据对比'!$A$2:$B$18,2,FALSE) -> 11 | C8: =VLOOKUP(A8,'[4]2026月度数据对比'!$A$3:$C$18,3,FALSE) -> 5 | D8: 9 | E8: 7 | F8: 8 | O8: 清远广本 | P8: =VLOOKUP(O8,'[4]2026月度数据对比'!$O$3:$P$18,2,FALSE) -> 0.21 | Q8: =VLOOKUP(O8,'[4]2026月度数据对比'!$O$3:$Q$18,3,FALSE) -> 0.11 | R8: 0.2 | S8: 0.17 | T8: 0.236
A9: 鑫海广本 | B9: =VLOOKUP(A9,'[4]2026月度数据对比'!$A$2:$B$18,2,FALSE) -> 15 | C9: =VLOOKUP(A9,'[4]2026月度数据对比'!$A$3:$C$18,3,FALSE) -> 7 | D9: 10 | E9: 5 | F9: 8 | O9: 鑫海广本 | P9: =VLOOKUP(O9,'[4]2026月度数据对比'!$O$3:$P$18,2,FALSE) -> 0.15 | Q9: =VLOOKUP(O9,'[4]2026月度数据对比'!$O$3:$Q$18,3,FALSE) -> 0.15 | R9: 0.15 | S9: 0.15 | T9: 0.15
A10: 汕头广本 | D10: 16 | E10: 9 | F10: 9 | O10: 汕头广本 | R10: 0.15 | S10: 0.12 | T10: 0.21
A11: 江门大众 | B11: =VLOOKUP(A11,'[4]2026月度数据对比'!$A$2:$B$18,2,FALSE) -> 10 | C11: =VLOOKUP(A11,'[4]2026月度数据对比'!$A$3:$C$18,3,FALSE) -> 3 | D11: 6 | E11: 2 | F11: 4 | O11: 江门大众 | P11: =VLOOKUP(O11,'[4]2026月度数据对比'!$O$3:$P$18,2,FALSE) -> 0.1 | Q11: =VLOOKUP(O11,'[4]2026月度数据对比'!$O$3:$Q$18,3,FALSE) -> 0.25 | R11: 0.1 | S11: 0.1 | T11: 0.05
A12: 河源零跑 | B12: =VLOOKUP(A12,'[4]2026月度数据对比'!$A$2:$B$18,2,FALSE) -> 19 | C12: =VLOOKUP(A12,'[4]2026月度数据对比'!$A$3:$C$18,3,FALSE) -> 5 | D12: 21 | E12: 22 | F12: 20 | O12: 河源零跑 | P12: =VLOOKUP(O12,'[4]2026月度数据对比'!$O$3:$P$18,2,FALSE) -> 0.1 | Q12: =VLOOKUP(O12,'[4]2026月度数据对比'!$O$3:$Q$18,3,FALSE) -> 0.22 | R12: 0.102 | S12: 0.169 | T12: 0.174
A13: 汕头零跑 | B13: =VLOOKUP(A13,'[4]2026月度数据对比'!$A$2:$B$18,2,FALSE) -> 12 | C13: =VLOOKUP(A13,'[4]2026月度数据对比'!$A$3:$C$18,3,FALSE) -> 11 | D13: 24 | E13: 35 | F13: 22 | O13: 汕头零跑 | P13: =VLOOKUP(O13,'[4]2026月度数据对比'!$O$3:$P$18,2,FALSE) -> 0.17 | Q13: =VLOOKUP(O13,'[4]2026月度数据对比'!$O$3:$Q$18,3,FALSE) -> 0.33 | R13: 0.2 | S13: 0.2 | T13: 0.2
A14: 清远港鸿 | B14: =VLOOKUP(A14,'[4]2026月度数据对比'!$A$2:$B$18,2,FALSE) -> 11 | C14: =VLOOKUP(A14,'[4]2026月度数据对比'!$A$3:$C$18,3,FALSE) -> 4 | D14: 13 | E14: 5 | F14: 4 | O14: 清远港鸿 | P14: =VLOOKUP(O14,'[4]2026月度数据对比'!$O$3:$P$18,2,FALSE) -> 0.26 | Q14: =VLOOKUP(O14,'[4]2026月度数据对比'!$O$3:$Q$18,3,FALSE) -> 0.25 | R14: 0.13 | S14: 0.062 | T14: 0.084
A15: 从化零跑 | B15: =VLOOKUP(A15,'[4]2026月度数据对比'!$A$2:$B$18,2,FALSE) -> 4 | C15: =VLOOKUP(A15,'[4]2026月度数据对比'!$A$3:$C$18,3,FALSE) -> 2 | D15: 4 | E15: 11 | F15: 4 | O15: 从化零跑 | P15: =VLOOKUP(O15,'[4]2026月度数据对比'!$O$3:$P$18,2,FALSE) -> 0.22 | Q15: =VLOOKUP(O15,'[4]2026月度数据对比'!$O$3:$Q$18,3,FALSE) -> 0.18 | R15: 0.29 | S15: 0.15 | T15: 0
A16: 清远奇晟 | B16: =VLOOKUP(A16,'[4]2026月度数据对比'!$A$2:$B$18,2,FALSE) -> 6 | C16: =VLOOKUP(A16,'[4]2026月度数据对比'!$A$3:$C$18,3,FALSE) -> 3 | D16: 5 | E16: 3 | F16: 1 | O16: 清远奇晟 | P16: =VLOOKUP(O16,'[4]2026月度数据对比'!$O$3:$P$18,2,FALSE) -> 0.1 | Q16: =VLOOKUP(O16,'[4]2026月度数据对比'!$O$3:$Q$18,3,FALSE) -> 0 | R16: 0.11 | S16: 0.067 | T16: 0
A17: 清远英德 | B17: =VLOOKUP(A17,'[4]2026月度数据对比'!$A$2:$B$18,2,FALSE) -> 0 | C17: =VLOOKUP(A17,'[4]2026月度数据对比'!$A$3:$C$18,3,FALSE) -> 0 | D17: 0 | E17: 0 | F17: 0 | O17: 清远英德 | P17: =VLOOKUP(O17,'[4]2026月度数据对比'!$O$3:$P$18,2,FALSE) -> 0 | Q17: =VLOOKUP(O17,'[4]2026月度数据对比'!$O$3:$Q$18,3,FALSE) -> 0 | R17: 0 | S17: 0 | T17: 0
A18: 广花店 | B18: =VLOOKUP(A18,'[4]2026月度数据对比'!$A$2:$B$18,2,FALSE) -> 0 | C18: =VLOOKUP(A18,'[4]2026月度数据对比'!$A$3:$C$18,3,FALSE) -> 2 | D18: 2 | E18: 13 | F18: 0 | O18: 广花店 | P18: =VLOOKUP(O18,'[4]2026月度数据对比'!$O$3:$P$18,2,FALSE) -> 0 | Q18: =VLOOKUP(O18,'[4]2026月度数据对比'!$O$3:$Q$18,3,FALSE) -> 0.25 | R18: 0.23 | S18: 0.06 | T18: 0
A19: 北站店 | B19: =VLOOKUP(A19,'[4]2026月度数据对比'!$A$2:$B$18,2,FALSE) -> 1 | C19: =VLOOKUP(A19,'[4]2026月度数据对比'!$A$3:$C$18,3,FALSE) -> 0 | D19: 4 | E19: 7 | F19: 4 | O19: 北站店 | P19: =VLOOKUP(O19,'[4]2026月度数据对比'!$O$3:$P$18,2,FALSE) -> 0.1 | Q19: =VLOOKUP(O19,'[4]2026月度数据对比'!$O$3:$Q$18,3,FALSE) -> 0 | R19: 0.2 | S19: 0.043 | T19: 0.207
A20: 清远智己 | F20: 0 | O20: 清远智己 | T20: 0
A22: 每月总线索 | O22: 每月总到店数据
A23: 店名 | B23: 1月 | C23: 2月 | D23: 3月 | E23: 4月 | F23: 5月 | G23: 6月 | H23: 7月 | I23: 8月 | J23: 9月 | K23: 10月 | L23: 11月 | M23: 12月 | O23: 店名 | P23: 1月 | Q23: 2月 | R23: 3月 | S23: 4月 | T23: 5月 | U23: 6月 | V23: 7月 | W23: 8月 | X23: 9月 | Y23: 10月 | Z23: 11月 | AA23: 12月 | AC23: 店名 | AD23: 1月 | AE23: 2月 | AF23: 3月 | AG23: 4月 | AH23: 5月 | AI23: 6月 | AJ23: 7月 | AK23: 8月 | AL23: 9月 | AM23: 10月 | AN23: 11月 | AO23: 12月
A24: 花都广本 | B24: =VLOOKUP(A24,'[4]2026月度数据对比'!$A$23:$B$38,2,FALSE) -> 3099 | C24: =VLOOKUP(A24,'[4]2026月度数据对比'!$A$23:$C$38,3,FALSE) -> 1529 | D24: 1277 | E24: 731 | F24: 855 | O24: 花都广本 | P24: =VLOOKUP(O24,'[4]2026月度数据对比'!$O$23:$P$38,2,FALSE) -> 77 | Q24: =VLOOKUP(O24,'[4]2026月度数据对比'!$O$23:$Q$38,3,FALSE) -> 22 | R24: 29 | S24: 22 | T24: 20 | AC24: 花都广本
A25: 花都建设北零跑 | B25: 869 | C25: 495 | D25: 1446 | E25: 1054 | F25: 1095 | O25: 花都建设北零跑 | P25: 25 | Q25: 13 | R25: 26 | S25: 51 | T25: 31 | AC25: 花都建设北零跑
A26: 白云零跑 | B26: =VLOOKUP(A26,'[4]2026月度数据对比'!$A$23:$B$38,2,FALSE) -> 1160 | C26: =VLOOKUP(A26,'[4]2026月度数据对比'!$A$23:$C$38,3,FALSE) -> 681 | D26: 902 | E26: 1112 | F26: 606 | O26: 白云零跑 | P26: =VLOOKUP(O26,'[4]2026月度数据对比'!$O$23:$P$38,2,FALSE) -> 27 | Q26: =VLOOKUP(O26,'[4]2026月度数据对比'!$O$23:$Q$38,3,FALSE) -> 21 | R26: 31 | S26: 60 | T26: 28 | AC26: 白云零跑
A27: 花都传祺 | B27: =VLOOKUP(A27,'[4]2026月度数据对比'!$A$23:$B$38,2,FALSE) -> 579 | C27: =VLOOKUP(A27,'[4]2026月度数据对比'!$A$23:$C$38,3,FALSE) -> 302 | D27: 870 | E27: 557 | F27: 504 | O27: 花都传祺 | P27: =VLOOKUP(O27,'[4]2026月度数据对比'!$O$23:$P$38,2,FALSE) -> 22 | Q27: =VLOOKUP(O27,'[4]2026月度数据对比'!$O$23:$Q$38,3,FALSE) -> 8 | R27: 27 | S27: 12 | T27: 24 | AC27: 花都传祺
A28: 清远极氪 | B28: =VLOOKUP(A28,'[4]2026月度数据对比'!$A$23:$B$38,2,FALSE) -> 68 | C28: =VLOOKUP(A28,'[4]2026月度数据对比'!$A$23:$C$38,3,FALSE) -> 369 | D28: 345 | E28: 384 | F28: 347 | O28: 清远极氪 | P28: =VLOOKUP(O28,'[4]2026月度数据对比'!$O$23:$P$38,2,FALSE) -> 10 | Q28: =VLOOKUP(O28,'[4]2026月度数据对比'!$O$23:$Q$38,3,FALSE) -> 16 | R28: 18 | S28: 25 | T28: 27 | AC28: 清远极氪
A29: 清远广本 | B29: =VLOOKUP(A29,'[4]2026月度数据对比'!$A$23:$B$38,2,FALSE) -> 683 | C29: =VLOOKUP(A29,'[4]2026月度数据对比'!$A$23:$C$38,3,FALSE) -> 765 | D29: 867 | E29: 593 | F29: 410 | O29: 清远广本 | P29: =VLOOKUP(O29,'[4]2026月度数据对比'!$O$23:$P$38,2,FALSE) -> 41 | Q29: =VLOOKUP(O29,'[4]2026月度数据对比'!$O$23:$Q$38,3,FALSE) -> 29 | R29: 50 | S29: 28 | T29: 32 | AC29: 清远广本
A30: 鑫海广本 | B30: =VLOOKUP(A30,'[4]2026月度数据对比'!$A$23:$B$38,2,FALSE) -> 502 | C30: =VLOOKUP(A30,'[4]2026月度数据对比'!$A$23:$C$38,3,FALSE) -> 181 | D30: 394 | E30: 316 | F30: 261 | O30: 鑫海广本 | P30: =VLOOKUP(O30,'[4]2026月度数据对比'!$O$23:$P$38,2,FALSE) -> 76 | Q30: =VLOOKUP(O30,'[4]2026月度数据对比'!$O$23:$Q$38,3,FALSE) -> 27 | R30: 52 | S30: 35 | T30: 41 | AC30: 鑫海广本
A31: 汕头广本 | D31: 461 | E31: 497 | F31: 452 | O31: 汕头广本 | R31: 41 | S31: 4 | T31: 25 | AC31: 汕头广本
A32: 江门大众 | B32: =VLOOKUP(A32,'[4]2026月度数据对比'!$A$23:$B$38,2,FALSE) -> 343 | C32: =VLOOKUP(A32,'[4]2026月度数据对比'!$A$23:$C$38,3,FALSE) -> 351 | D32: 471 | E32: 324 | F32: 171 | O32: 江门大众 | P32: =VLOOKUP(O32,'[4]2026月度数据对比'!$O$23:$P$38,2,FALSE) -> 17 | Q32: =VLOOKUP(O32,'[4]2026月度数据对比'!$O$23:$Q$38,3,FALSE) -> 9 | R32: 22 | S32: 2 | T32: 12 | AC32: 江门大众
A33: 河源零跑 | B33: =VLOOKUP(A33,'[4]2026月度数据对比'!$A$23:$B$38,2,FALSE) -> 467 | C33: =VLOOKUP(A33,'[4]2026月度数据对比'!$A$23:$C$38,3,FALSE) -> 671 | D33: 1074 | E33: 840 | F33: 1195 | O33: 河源零跑 | P33: =VLOOKUP(O33,'[4]2026月度数据对比'!$O$23:$P$38,2,FALSE) -> 99 | Q33: =VLOOKUP(O33,'[4]2026月度数据对比'!$O$23:$Q$38,3,FALSE) -> 67 | R33: 91 | S33: 80 | T33: 65 | AC33: 河源零跑
A34: 汕头零跑 | B34: =VLOOKUP(A34,'[4]2026月度数据对比'!$A$23:$B$38,2,FALSE) -> 593 | C34: =VLOOKUP(A34,'[4]2026月度数据对比'!$A$23:$C$38,3,FALSE) -> 461 | D34: 1200 | E34: 1337 | F34: 1485 | O34: 汕头零跑 | P34: =VLOOKUP(O34,'[4]2026月度数据对比'!$O$23:$P$38,2,FALSE) -> 54 | Q34: =VLOOKUP(O34,'[4]2026月度数据对比'!$O$23:$Q$38,3,FALSE) -> 47 | R34: 92 | S34: 74 | T34: 69 | AC34: 汕头零跑
A35: 清远港鸿 | B35: =VLOOKUP(A35,'[4]2026月度数据对比'!$A$23:$B$38,2,FALSE) -> 319 | C35: =VLOOKUP(A35,'[4]2026月度数据对比'!$A$23:$C$38,3,FALSE) -> 282 | D35: 338 | E35: 365 | F35: 408 | O35: 清远港鸿 | P35: =VLOOKUP(O35,'[4]2026月度数据对比'!$O$23:$P$38,2,FALSE) -> 54 | Q35: =VLOOKUP(O35,'[4]2026月度数据对比'!$O$23:$Q$38,3,FALSE) -> 11 | R35: 39 | S35: 22 | T35: 23 | AC35: 清远港鸿
A36: 从化零跑 | B36: =VLOOKUP(A36,'[4]2026月度数据对比'!$A$23:$B$38,2,FALSE) -> 539 | C36: =VLOOKUP(A36,'[4]2026月度数据对比'!$A$23:$C$38,3,FALSE) -> 525 | D36: 331 | E36: 719 | F36: 323 | O36: 从化零跑 | P36: =VLOOKUP(O36,'[4]2026月度数据对比'!$O$23:$P$38,2,FALSE) -> 1 | Q36: =VLOOKUP(O36,'[4]2026月度数据对比'!$O$23:$Q$38,3,FALSE) -> 4 | R36: 11 | S36: 23 | T36: 15 | AC36: 从化零跑
A37: 清远奇晟 | B37: =VLOOKUP(A37,'[4]2026月度数据对比'!$A$23:$B$38,2,FALSE) -> 260 | C37: =VLOOKUP(A37,'[4]2026月度数据对比'!$A$23:$C$38,3,FALSE) -> 212 | D37: 225 | E37: 220 | F37: 257 | O37: 清远奇晟 | P37: =VLOOKUP(O37,'[4]2026月度数据对比'!$O$23:$P$38,2,FALSE) -> 22 | Q37: =VLOOKUP(O37,'[4]2026月度数据对比'!$O$23:$Q$38,3,FALSE) -> 6 | R37: 11 | S37: 20 | T37: 13 | AC37: 清远奇晟
A38: 清远英德 | B38: =VLOOKUP(A38,'[4]2026月度数据对比'!$A$23:$B$38,2,FALSE) -> 19 | C38: =VLOOKUP(A38,'[4]2026月度数据对比'!$A$23:$C$38,3,FALSE) -> 2 | D38: 22 | E38: 74 | F38: 52 | O38: 清远英德 | P38: =VLOOKUP(O38,'[4]2026月度数据对比'!$O$23:$P$38,2,FALSE) -> 7 | Q38: =VLOOKUP(O38,'[4]2026月度数据对比'!$O$23:$Q$38,3,FALSE) -> 1 | R38: 3 | S38: 15 | T38: 8 | AC38: 清远英德
A39: 广花店 | B39: =VLOOKUP(A39,'[4]2026月度数据对比'!$A$23:$B$38,2,FALSE) -> 550 | C39: =VLOOKUP(A39,'[4]2026月度数据对比'!$A$23:$C$38,3,FALSE) -> 285 | D39: 393 | E39: 941 | F39: 269 | O39: 广花店 | P39: =VLOOKUP(O39,'[4]2026月度数据对比'!$O$23:$P$38,2,FALSE) -> 0 | Q39: =VLOOKUP(O39,'[4]2026月度数据对比'!$O$23:$Q$38,3,FALSE) -> 3 | R39: 8 | S39: 24 | T39: 15 | AC39: 广花店
A40: 北站店 | B40: =VLOOKUP(A40,'[4]2026月度数据对比'!$A$23:$B$38,2,FALSE) -> 188 | C40: =VLOOKUP(A40,'[4]2026月度数据对比'!$A$23:$C$38,3,FALSE) -> 84 | D40: 282 | E40: 398 | F40: 212 | O40: 北站店 | P40: =VLOOKUP(O40,'[4]2026月度数据对比'!$O$23:$P$38,2,FALSE) -> 2 | Q40: =VLOOKUP(O40,'[4]2026月度数据对比'!$O$23:$Q$38,3,FALSE) -> 6 | R40: 21 | S40: 18 | T40: 9 | AC40: 北站店
A41: 清远智己 | F41: 39 | O41: 清远智己 | T41: 1 | AC41: 清远智己
A43: 付费流线索数
A44: 店名 | B44: 1月 | C44: 2月 | D44: 3月 | E44: 4月 | F44: 5月 | G44: 6月 | H44: 7月 | I44: 8月 | J44: 9月 | K44: 10月 | L44: 11月 | M44: 12月 | O44: 店名 | P44: 1月 | Q44: 2月 | R44: 3月 | S44: 4月 | T44: 5月 | U44: 6月 | V44: 7月 | W44: 8月 | X44: 9月 | Y44: 10月 | Z44: 11月 | AA44: 12月
A45: 花都广本 | B45: =VLOOKUP(A45,'[4]2026月度数据对比'!$A$44:$B$59,2,FALSE) -> 2708 | C45: =VLOOKUP(A45,'[4]2026月度数据对比'!$A$44:$C$59,3,FALSE) -> 1842 | D45: 991 | E45: 474 | F45: 590 | O45: 花都广本
A46: 花都建设北零跑 | B46: 838 | C46: 451 | D46: 1341 | E46: 1751 | F46: 1070 | O46: 花都建设北零跑
A47: 白云零跑 | B47: =VLOOKUP(A47,'[4]2026月度数据对比'!$A$44:$B$59,2,FALSE) -> 1021 | C47: =VLOOKUP(A47,'[4]2026月度数据对比'!$A$44:$C$59,3,FALSE) -> 608 | D47: 979 | E47: 1087 | F47: 560 | O47: 白云零跑
A48: 花都传祺 | B48: =VLOOKUP(A48,'[4]2026月度数据对比'!$A$44:$B$59,2,FALSE) -> 490 | C48: =VLOOKUP(A48,'[4]2026月度数据对比'!$A$44:$C$59,3,FALSE) -> 101 | D48: 623 | E48: 456 | F48: 418 | O48: 花都传祺
A49: 清远极氪 | B49: =VLOOKUP(A49,'[4]2026月度数据对比'!$A$44:$B$59,2,FALSE) -> 29 | C49: =VLOOKUP(A49,'[4]2026月度数据对比'!$A$44:$C$59,3,FALSE) -> 353 | D49: 321 | E49: 364 | F49: 331 | O49: 清远极氪
A50: 清远广本 | B50: =VLOOKUP(A50,'[4]2026月度数据对比'!$A$44:$B$59,2,FALSE) -> 0 | C50: =VLOOKUP(A50,'[4]2026月度数据对比'!$A$44:$C$59,3,FALSE) -> 0 | D50: 270 | E50: 45 | F50: 293 | O50: 清远广本
A51: 鑫海广本 | B51: =VLOOKUP(A51,'[4]2026月度数据对比'!$A$44:$B$59,2,FALSE) -> 416 | C51: =VLOOKUP(A51,'[4]2026月度数据对比'!$A$44:$C$59,3,FALSE) -> 136 | D51: 313 | E51: 258 | F51: 168 | O51: 鑫海广本
A52: 汕头广本 | D52: 188 | E52: 379 | F52: 448 | O52: 汕头广本
A53: 江门大众 | B53: =VLOOKUP(A53,'[4]2026月度数据对比'!$A$44:$B$59,2,FALSE) -> 178 | C53: =VLOOKUP(A53,'[4]2026月度数据对比'!$A$44:$C$59,3,FALSE) -> 1348 | D53: 346 | E53: 217 | F53: 88 | O53: 江门大众
A54: 河源零跑 | B54: =VLOOKUP(A54,'[4]2026月度数据对比'!$A$44:$B$59,2,FALSE) -> 406 | C54: =VLOOKUP(A54,'[4]2026月度数据对比'!$A$44:$C$59,3,FALSE) -> 634 | D54: 1005 | E54: 779 | F54: 1099 | O54: 河源零跑
A55: 汕头零跑 | B55: =VLOOKUP(A55,'[4]2026月度数据对比'!$A$44:$B$59,2,FALSE) -> 537 | C55: =VLOOKUP(A55,'[4]2026月度数据对比'!$A$44:$C$59,3,FALSE) -> 337 | D55: 946 | E55: 954 | F55: 1309 | O55: 汕头零跑
A56: 清远港鸿 | B56: =VLOOKUP(A56,'[4]2026月度数据对比'!$A$44:$B$59,2,FALSE) -> 269 | C56: =VLOOKUP(A56,'[4]2026月度数据对比'!$A$44:$C$59,3,FALSE) -> 247 | D56: 245 | E56: 626 | F56: 260 | O56: 清远港鸿
A57: 从化零跑 | B57: =VLOOKUP(A57,'[4]2026月度数据对比'!$A$44:$B$59,2,FALSE) -> 511 | C57: =VLOOKUP(A57,'[4]2026月度数据对比'!$A$44:$C$59,3,FALSE) -> 505 | D57: 318 | E57: 713 | F57: 312 | O57: 从化零跑
A58: 清远奇晟 | B58: =VLOOKUP(A58,'[4]2026月度数据对比'!$A$44:$B$59,2,FALSE) -> 233 | C58: =VLOOKUP(A58,'[4]2026月度数据对比'!$A$44:$C$59,3,FALSE) -> 186 | D58: 205 | E58: 265 | F58: 155 | O58: 清远奇晟
A59: 清远英德 | B59: =VLOOKUP(A59,'[4]2026月度数据对比'!$A$44:$B$59,2,FALSE) -> 0 | C59: =VLOOKUP(A59,'[4]2026月度数据对比'!$A$44:$C$59,3,FALSE) -> 0 | D59: 0 | E59: 0 | F59: 0 | O59: 清远英德
A60: 广花店 | B60: =VLOOKUP(A60,'[4]2026月度数据对比'!$A$44:$B$59,2,FALSE) -> 530 | C60: =VLOOKUP(A60,'[4]2026月度数据对比'!$A$44:$C$59,3,FALSE) -> 251 | D60: 382 | E60: 919 | F60: 251 | O60: 广花店
A61: 北站店 | B61: =VLOOKUP(A61,'[4]2026月度数据对比'!$A$44:$B$59,2,FALSE) -> 166 | C61: =VLOOKUP(A61,'[4]2026月度数据对比'!$A$44:$C$59,3,FALSE) -> 23 | D61: 267 | E61: 382 | F61: 193 | O61: 北站店
A62: 清远智己 | F62: 4 | O62: 清远智己

Sheet 数据明细
A1: 序号 | B1: 特约店 | C1: 负责老师 | E1: 1月 | F1: 2月 | G1: 3月 | H1: 4月 | I1: 5月 | J1: 6月 | K1: 46215 | L1: 合计 | M1: 核对
A2: 1 | B2: 花都广本 | D2: 直播场次 | E2: 203 | F2: 148 | G2: 167 | H2: 102 | I2: 110 | J2: 88 | K2: 16 | L2: =SUM(E2:K2) -> 834 | M2: =VLOOKUP(B2,'总表-数据收集'!B:F,5,FALSE) -> 853
D3: 短视频发布 | E3: 295 | F3: 367 | G3: 202 | H3: 98 | I3: 87 | J3: 126 | K3: 15 | L3: =SUM(E3:K3) -> 1190 | M3: =VLOOKUP(B2,'总表-数据收集'!B:G,6,FALSE) -> 1213
D4: 投流费用 | E4: 112378 | F4: 76252.1 | G4: 42298 | H4: 19166.6 | I4: 24770.6 | J4: 27405 | K4: 6464.6 | L4: =SUM(E4:K4) -> 308734.9 | M4: =VLOOKUP(B2,'总表-数据收集'!B:E,4,FALSE) -> 315734.02
A5: 2 | B5: 清远广本 | D5: 直播场次 | E5: 65 | F5: 45 | G5: 96 | H5: 74 | I5: 82 | J5: 68 | K5: 8 | L5: =SUM(E5:K5) -> 438 | M5: =VLOOKUP(B5,'总表-数据收集'!B:F,5,FALSE) -> 448
D6: 短视频发布 | E6: 58 | F6: 58 | G6: 93 | H6: 80 | I6: 83 | J6: 72 | K6: 2 | L6: =SUM(E6:K6) -> 446 | M6: =VLOOKUP(B5,'总表-数据收集'!B:G,6,FALSE) -> 452
D7: 投流费用 | E7: 0 | F7: 0 | G7: 15070.7 | H7: 4592 | I7: 15729 | J7: 11857 | K7: 2375 | L7: =SUM(E7:K7) -> 49623.7 | M7: =VLOOKUP(B5,'总表-数据收集'!B:E,4,FALSE) -> 52194.65
A8: 3 | B8: 汕头广本 | D8: 直播场次 | G8: 56 | H8: 52 | I8: 54 | J8: 57 | K8: 8 | L8: =SUM(E8:K8) -> 227 | M8: =VLOOKUP(B8,'总表-数据收集'!B:F,5,FALSE) -> 239
D9: 短视频发布 | G9: 91 | H9: 64 | I9: 50 | J9: 80 | K9: 8 | L9: =SUM(E9:K9) -> 293 | M9: =VLOOKUP(B8,'总表-数据收集'!B:G,6,FALSE) -> 302
D10: 投流费用 | G10: 6374.27 | H10: 17748.6 | I10: 19828.5 | J10: 15891.5 | K10: 1569.04 | L10: =SUM(E10:K10) -> 61411.91 | M10: =VLOOKUP(B8,'总表-数据收集'!B:E,4,FALSE) -> 63746.71
A11: 4 | B11: 鑫海广本 | D11: 直播场次 | E11: 76 | F11: 50 | G11: 70 | H11: 62 | I11: 68 | J11: 61 | K11: 3 | L11: =SUM(E11:K11) -> 390 | M11: =VLOOKUP(B11,'总表-数据收集'!B:F,5,FALSE) -> 400
D12: 短视频发布 | E12: 55 | F12: 30 | G12: 60 | H12: 60 | I12: 46 | J12: 48 | K12: 2 | L12: =SUM(E12:K12) -> 301 | M12: =VLOOKUP(B11,'总表-数据收集'!B:G,6,FALSE) -> 306
D13: 投流费用 | E13: 15000 | F13: 7000 | G13: 11500 | H13: 9600 | I13: 14100 | J13: 11000 | K13: 0 | L13: =SUM(E13:K13) -> 68200 | M13: =VLOOKUP(B11,'总表-数据收集'!B:E,4,FALSE) -> 71200
A14: 5 | B14: 花都建设北零跑 | D14: 直播场次 | E14: 87 | F14: 88 | G14: 79 | H14: 93 | I14: 90 | J14: 92 | K14: 16 | L14: =SUM(E14:K14) -> 545 | M14: =VLOOKUP(B14,'总表-数据收集'!B:F,5,FALSE) -> 563
D15: 短视频发布 | E15: 103 | F15: 119 | G15: 131 | H15: 163 | I15: 129 | J15: 166 | K15: 16 | L15: =SUM(E15:K15) -> 827 | M15: =VLOOKUP(B14,'总表-数据收集'!B:G,6,FALSE) -> 847
D16: 投流费用 | E16: 62531.3 | F16: 26762.4 | G16: 73590.7 | H16: 94677.8 | I16: 123493 | J16: 44628.5 | K16: 8116.84 | L16: =SUM(E16:K16) -> 433800.54 | M16: =VLOOKUP(B14,'总表-数据收集'!B:E,4,FALSE) -> 448329.94
A17: 6 | B17: 白云零跑 | D17: 直播场次 | E17: 94 | F17: 97 | G17: 77 | H17: 97 | I17: 115 | J17: 107 | K17: 15 | L17: =SUM(E17:K17) -> 602 | M17: =VLOOKUP(B17,'总表-数据收集'!B:F,5,FALSE) -> 625
D18: 短视频发布 | E18: 172 | F18: 136 | G18: 218 | H18: 197 | I18: 165 | J18: 167 | K18: 17 | L18: =SUM(E18:K18) -> 1072 | M18: =VLOOKUP(B17,'总表-数据收集'!B:G,6,FALSE) -> 1105
D19: 投流费用 | E19: 98074.3 | F19: 68187.3 | G19: 73233.3 | H19: 67492.1 | I19: 47990 | J19: 70332.1 | K19: 11922.4 | L19: =SUM(E19:K19) -> 437231.5 | M19: =VLOOKUP(B17,'总表-数据收集'!B:E,4,FALSE) -> 455885.08
A20: 7 | B20: 清远港鸿 | D20: 直播场次 | E20: 74 | F20: 56 | G20: 66 | H20: 111 | I20: 89 | J20: 71 | K20: 12 | L20: =SUM(E20:K20) -> 479 | M20: =VLOOKUP(B20,'总表-数据收集'!B:F,5,FALSE) -> 494
D21: 短视频发布 | E21: 59 | F21: 54 | G21: 110 | H21: 136 | I21: 118 | J21: 187 | K21: 24 | L21: =SUM(E21:K21) -> 688 | M21: =VLOOKUP(B20,'总表-数据收集'!B:G,6,FALSE) -> 707
D22: 投流费用 | E22: 60542.3 | F22: 38282.4 | G22: 35182 | H22: 84894.7 | I22: 39428.6 | J22: 39519 | K22: 8215.49 | L22: =SUM(E22:K22) -> 306064.49 | M22: =VLOOKUP(B20,'总表-数据收集'!B:E,4,FALSE) -> 309917.65
A23: 8 | B23: 清远奇晟 | D23: 直播场次 | E23: 76 | F23: 61 | G23: 63 | H23: 69 | I23: 57 | J23: 84 | K23: 15 | L23: =SUM(E23:K23) -> 425 | M23: =VLOOKUP(B23,'总表-数据收集'!B:F,5,FALSE) -> 446
D24: 短视频发布 | E24: 72 | F24: 83 | G24: 91 | H24: 103 | I24: 147 | J24: 160 | K24: 37 | L24: =SUM(E24:K24) -> 693 | M24: =VLOOKUP(B23,'总表-数据收集'!B:G,6,FALSE) -> 711
D25: 投流费用 | E25: 35855 | F25: 19537.4 | G25: 21355.8 | H25: 26237 | I25: 20394.5 | J25: 30102.39 | K25: 2088.36 | L25: =SUM(E25:K25) -> 155570.45 | M25: =VLOOKUP(B23,'总表-数据收集'!B:E,4,FALSE) -> 159684.42
A26: 9 | B26: 清远英德 | D26: 直播场次 | E26: 92 | F26: 42 | G26: 50 | H26: 73 | I26: 67 | J26: 53 | K26: 0 | L26: =SUM(E26:K26) -> 377 | M26: =VLOOKUP(B26,'总表-数据收集'!B:F,5,FALSE) -> 377
D27: 短视频发布 | E27: 75 | F27: 30 | G27: 81 | H27: 84 | I27: 99 | J27: 66 | K27: 0 | L27: =SUM(E27:K27) -> 435 | M27: =VLOOKUP(B26,'总表-数据收集'!B:G,6,FALSE) -> 435
D28: 投流费用 | E28: 0 | F28: 0 | G28: 0 | H28: 0 | I28: 0 | J28: 0 | K28: 0 | L28: =SUM(E28:K28) -> 0 | M28: =VLOOKUP(B26,'总表-数据收集'!B:E,4,FALSE) -> 0
A29: 10 | B29: 河源零跑 | D29: 直播场次 | E29: 70 | F29: 61 | G29: 83 | H29: 75 | I29: 66 | J29: 71 | K29: 8 | L29: =SUM(E29:K29) -> 434 | M29: =VLOOKUP(B29,'总表-数据收集'!B:F,5,FALSE) -> 462
D30: 短视频发布 | E30: 66 | F30: 52 | G30: 91 | H30: 84 | I30: 91 | J30: 151 | K30: 27 | L30: =SUM(E30:K30) -> 562 | M30: =VLOOKUP(B29,'总表-数据收集'!B:G,6,FALSE) -> 600
D31: 投流费用 | E31: 56953.3 | F31: 57651.5 | G31: 91765.9 | H31: 64921.5 | I31: 119690 | J31: 96724.34 | K31: 11086 | L31: =SUM(E31:K31) -> 498792.54 | M31: =VLOOKUP(B29,'总表-数据收集'!B:E,4,FALSE) -> 525273.67
A32: 11 | B32: 汕头零跑 | D32: 直播场次 | E32: 60 | F32: 58 | G32: 89 | H32: 120 | I32: 111 | J32: 116 | K32: 24 | L32: =SUM(E32:K32) -> 578 | M32: =VLOOKUP(B32,'总表-数据收集'!B:F,5,FALSE) -> 606
D33: 短视频发布 | E33: 80 | F33: 88 | G33: 99 | H33: 119 | I33: 116 | J33: 106 | K33: 36 | L33: =SUM(E33:K33) -> 644 | M33: =VLOOKUP(B32,'总表-数据收集'!B:G,6,FALSE) -> 668
D34: 投流费用 | E34: 69574 | F34: 30054.8 | G34: 70478 | H34: 59715 | I34: 112219 | J34: 100023 | K34: 20651 | L34: =SUM(E34:K34) -> 462714.8 | M34: =VLOOKUP(B32,'总表-数据收集'!B:E,4,FALSE) -> 482368.8
A35: 12 | B35: 广花零跑 | D35: 直播场次 | E35: 46 | F35: 48 | G35: 60 | H35: 54 | I35: 97 | J35: 80 | K35: 15 | L35: =SUM(E35:K35) -> 400 | M35: =VLOOKUP(B35,'总表-数据收集'!B:F,5,FALSE) -> 416
D36: 短视频发布 | E36: 121 | F36: 156 | G36: 241 | H36: 83 | I36: 121 | J36: 116 | K36: 35 | L36: =SUM(E36:K36) -> 873 | M36: =VLOOKUP(B35,'总表-数据收集'!B:G,6,FALSE) -> 903
D37: 投流费用 | E37: 28439.9 | F37: 20466.9 | G37: 28648.6 | H37: 31163.2 | I37: 37819 | J37: 40000 | K37: 8958.09 | L37: =SUM(E37:K37) -> 195495.69 | M37: =VLOOKUP(B35,'总表-数据收集'!B:E,4,FALSE) -> 208218.29
A38: 13 | B38: 花都北站零跑 | D38: 直播场次 | E38: 46 | F38: 36 | G38: 52 | H38: 73 | I38: 73 | J38: 64 | K38: 15 | L38: =SUM(E38:K38) -> 359 | M38: =VLOOKUP(B38,'总表-数据收集'!B:F,5,FALSE) -> 376
D39: 短视频发布 | E39: 74 | F39: 95 | G39: 146 | H39: 162 | I39: 143 | J39: 132 | K39: 20 | L39: =SUM(E39:K39) -> 772 | M39: =VLOOKUP(B38,'总表-数据收集'!B:G,6,FALSE) -> 807
D40: 投流费用 | E40: 42290.1 | F40: 7603.6 | G40: 38033.2 | H40: 40025.9 | I40: 26141.3 | J40: 27359.5 | K40: 1033.02 | L40: =SUM(E40:K40) -> 182486.62 | M40: =VLOOKUP(B38,'总表-数据收集'!B:E,4,FALSE) -> 192439.95
A41: 14 | B41: 清远极氪 | D41: 直播场次 | E41: 35 | F41: 57 | G41: 99 | H41: 96 | I41: 96 | J41: 96 | K41: 19 | L41: =SUM(E41:K41) -> 498 | M41: =VLOOKUP(B41,'总表-数据收集'!B:F,5,FALSE) -> 520
D42: 短视频发布 | E42: 35 | F42: 83 | G42: 66 | H42: 64 | I42: 60 | J42: 60 | K42: 9 | L42: =SUM(E42:K42) -> 377 | M42: =VLOOKUP(B41,'总表-数据收集'!B:G,6,FALSE) -> 389
D43: 投流费用 | E43: 4280.23 | F43: 25197 | G43: 29648 | H43: 32341.2 | I43: 29621 | J43: 27547.7 | K43: 4537 | L43: =SUM(E43:K43) -> 153172.13 | M43: =VLOOKUP(B41,'总表-数据收集'!B:E,4,FALSE) -> 160172.11
A44: 15 | B44: 清远智己 | D44: 直播场次 | I44: 53 | J44: 62 | K44: 5 | L44: =SUM(E44:K44) -> 120 | M44: =VLOOKUP(B44,'总表-数据收集'!B:F,5,FALSE) -> 128
D45: 短视频发布 | I45: 53 | J45: 48 | K45: 10 | L45: =SUM(E45:K45) -> 111 | M45: =VLOOKUP(B44,'总表-数据收集'!B:G,6,FALSE) -> 127
D46: 投流费用 | I46: 20438 | J46: 11556.6 | K46: 1465.91 | L46: =SUM(E46:K46) -> 33460.51 | M46: =VLOOKUP(B44,'总表-数据收集'!B:E,4,FALSE) -> 34807.42
A47: 16 | B47: 江门大众 | D47: 直播场次 | E47: 30 | F47: 21 | G47: 78 | H47: 12 | I47: 18 | J47: 0 | K47: 0 | L47: =SUM(E47:K47) -> 159 | M47: =VLOOKUP(B47,'总表-数据收集'!B:F,5,FALSE) -> 159
D48: 短视频发布 | E48: 48 | F48: 59 | G48: 101 | H48: 76 | I48: 58 | J48: 74 | K48: 10 | L48: =SUM(E48:K48) -> 426 | M48: =VLOOKUP(B47,'总表-数据收集'!B:G,6,FALSE) -> 433
D49: 投流费用 | E49: 20584 | F49: 13575 | G49: 52867 | H49: 27611 | I49: 13811 | J49: 16740 | K49: 0 | L49: =SUM(E49:K49) -> 145188 | M49: =VLOOKUP(B47,'总表-数据收集'!B:E,4,FALSE) -> 145188
A50: 17 | B50: 花都传祺 | D50: 直播场次 | E50: 141 | F50: 123 | G50: 108 | H50: 135 | I50: 143 | J50: 181 | K50: 42 | L50: =SUM(E50:K50) -> 873 | M50: =VLOOKUP(B50,'总表-数据收集'!B:F,5,FALSE) -> 923
D51: 短视频发布 | E51: 137 | F51: 113 | G51: 105 | H51: 132 | I51: 151 | J51: 243 | K51: 39 | L51: =SUM(E51:K51) -> 920 | M51: =VLOOKUP(B50,'总表-数据收集'!B:G,6,FALSE) -> 962
D52: 投流费用 | E52: 51467 | F52: 21695.8 | G52: 69662.1 | H52: 31248.6 | I52: 45182 | J52: 54121 | K52: 12262 | L52: =SUM(E52:K52) -> 285638.5 | M52: =VLOOKUP(B50,'总表-数据收集'!B:E,4,FALSE) -> 302521.42
A53: 18 | B53: 从化零跑 | D53: 直播场次 | E53: 52 | F53: 46 | G53: 44 | H53: 58 | I53: 52 | J53: 42 | K53: 8 | L53: =SUM(E53:K53) -> 302 | M53: =VLOOKUP(B53,'总表-数据收集'!B:F,5,FALSE) -> 313
D54: 短视频发布 | E54: 143 | F54: 112 | G54: 163 | H54: 96 | I54: 142 | J54: 103 | K54: 10 | L54: =SUM(E54:K54) -> 769 | M54: =VLOOKUP(B53,'总表-数据收集'!B:G,6,FALSE) -> 790
D55: 投流费用 | E55: 34115.2 | F55: 15821.5 | G55: 27175.8 | H55: 37993.5 | I55: 31541.59 | J55: 40000 | K55: 5492.34 | L55: =SUM(E55:K55) -> 192139.93 | M55: =VLOOKUP(B53,'总表-数据收集'!B:E,4,FALSE) -> 205356.47
